,result,table,_time,_value
,_result,0,2026-01-28T23:22:00Z,0.2999999999993008
,_result,0,2026-01-28T23:23:00Z,5.90000000000046
,_result,0,2026-01-28T23:24:00Z,5.399999999998073
,_result,0,2026-01-28T23:25:00Z,4.900000000002791
,_result,0,2026-01-28T23:26:00Z,2.799999999997027
,_result,0,2026-01-28T23:27:00Z,2.0000000000024443
,_result,0,2026-01-28T23:28:00Z,3.4999999999989484
,_result,0,2026-01-28T23:29:00Z,2.400000000001512
,_result,0,2026-01-28T23:30:00Z,2.599999999997493
,_result,0,2026-01-28T23:31:00Z,3.500000000002501
,_result,0,2026-01-28T23:32:00Z,1.2999999999969702
,_result,0,2026-01-28T23:33:00Z,0.8000000000016882
,_result,0,2026-01-28T23:34:00Z,1.300000000000523
,_result,0,2026-01-28T23:35:00Z,0.19999999999953388
,_result,0,2026-01-28T23:36:00Z,0.7999999999981355
,_result,0,2026-01-28T23:37:00Z,1.0000000000012221
,_result,0,2026-01-28T23:38:00Z,-0.19999999999953388
,_result,0,2026-01-28T23:39:00Z,-1.100000000000989
,_result,0,2026-01-28T23:40:00Z,-1.5000000000000568
,_result,0,2026-01-28T23:41:00Z,-1.0999999999974364
,_result,0,2026-01-28T23:42:00Z,0.2999999999993008
,_result,0,2026-01-28T23:43:00Z,-1.100000000000989
,_result,0,2026-01-28T23:44:00Z,-1.100000000000989
,_result,0,2026-01-28T23:45:00Z,0.19999999999953388
,_result,0,2026-01-28T23:46:00Z,0.8000000000016882
,_result,0,2026-01-28T23:47:00Z,1.300000000000523
,_result,0,2026-01-28T23:48:00Z,0.7999999999981355
,_result,0,2026-01-28T23:49:00Z,1.0000000000012221
,_result,0,2026-01-28T23:50:00Z,0.5999999999986017
,_result,0,2026-01-28T23:51:00Z,-0.6999999999983686
,_result,0,2026-01-28T23:52:00Z,-1.5000000000000568
,_result,0,2026-01-28T23:53:00Z,-0.39999999999906777
,_result,0,2026-01-28T23:54:00Z,-0.5000000000023874
,_result,0,2026-01-28T23:55:00Z,-1.7999999999993577
,_result,0,2026-01-28T23:56:00Z,-2.2999999999981924
,_result,0,2026-01-28T23:57:00Z,-1.8000000000029104
,_result,0,2026-01-28T23:58:00Z,-1.9999999999988916
,_result,0,2026-01-28T23:59:00Z,-0.39999999999906777
,_result,0,2026-01-29T00:00:00Z,0.09999999999976694
,_result,0,2026-01-29T00:01:00Z,-1.0000000000012221
,_result,0,2026-01-29T00:02:00Z,-0.39999999999906777
,_result,0,2026-01-29T00:03:00Z,0.5999999999986017
,_result,0,2026-01-29T00:04:00Z,0.4000000000026205
,_result,0,2026-01-29T00:05:00Z,1.5999999999998238
,_result,0,2026-01-29T00:06:00Z,2.1999999999984254
,_result,0,2026-01-29T00:07:00Z,1.100000000000989
,_result,0,2026-01-29T00:08:00Z,0.4999999999988347
,_result,0,2026-01-29T00:09:00Z,0.09999999999976694
,_result,0,2026-01-29T00:10:00Z,-0.5999999999986017
,_result,0,2026-01-29T00:11:00Z,-0.8000000000016882
,_result,0,2026-01-29T00:12:00Z,-0.9999999999976694
,_result,0,2026-01-29T00:13:00Z,-1.200000000000756
,_result,0,2026-01-29T00:14:00Z,-1.5999999999998238
,_result,0,2026-01-29T00:15:00Z,-1.5000000000000568
,_result,0,2026-01-29T00:16:00Z,-1.40000000000029
,_result,0,2026-01-29T00:17:00Z,-0.9000000000014552
,_result,0,2026-01-29T00:18:00Z,-0.09999999999976694
,_result,0,2026-01-29T00:19:00Z,0
,_result,0,2026-01-29T00:20:00Z,-0.8999999999979025
,_result,0,2026-01-29T00:21:00Z,-1.200000000000756
,_result,0,2026-01-29T00:22:00Z,-1.200000000000756
,_result,0,2026-01-29T00:23:00Z,-2.700000000000813
,_result,0,2026-01-29T00:24:00Z,-3.999999999997783
,_result,0,2026-01-29T00:25:00Z,-3.3999999999991815
,_result,0,2026-01-29T00:26:00Z,-2.100000000002211
,_result,0,2026-01-29T00:27:00Z,-0.9999999999976694
,_result,0,2026-01-29T00:28:00Z,-1.5000000000000568
,_result,0,2026-01-29T00:29:00Z,-0.6000000000021544
,_result,0,2026-01-29T00:30:00Z,0.4999999999988347
,_result,0,2026-01-29T00:31:00Z,0.30000000000285354
,_result,0,2026-01-29T00:32:00Z,-0.5000000000023874
,_result,0,2026-01-29T00:33:00Z,-0.09999999999976694
,_result,0,2026-01-29T00:34:00Z,0.5000000000023874
,_result,0,2026-01-29T00:35:00Z,0.39999999999906777
,_result,0,2026-01-29T00:36:00Z,1.0000000000012221
,_result,0,2026-01-29T00:37:00Z,0.2999999999993008
,_result,0,2026-01-29T00:38:00Z,-0.09999999999976694
,_result,0,2026-01-29T00:39:00Z,-0.6000000000021544
,_result,0,2026-01-29T00:40:00Z,-0.19999999999953388
,_result,0,2026-01-29T00:41:00Z,0
,_result,0,2026-01-29T00:42:00Z,-0.19999999999953388
,_result,0,2026-01-29T00:43:00Z,-0.4999999999988347
,_result,0,2026-01-29T00:44:00Z,-0.19999999999953388
,_result,0,2026-01-29T00:45:00Z,-0.4000000000026205
,_result,0,2026-01-29T00:46:00Z,-0.2999999999993008
,_result,0,2026-01-29T00:47:00Z,-0.6999999999983686
,_result,0,2026-01-29T00:48:00Z,-1.300000000000523
,_result,0,2026-01-29T00:49:00Z,-1.200000000000756
,_result,0,2026-01-29T00:50:00Z,-1.8999999999991246
,_result,0,2026-01-29T00:51:00Z,-1.300000000000523
,_result,0,2026-01-29T00:52:00Z,-0.6000000000021544
,_result,0,2026-01-29T00:53:00Z,-0.19999999999953388
,_result,0,2026-01-29T00:54:00Z,-0.4999999999988347
,_result,0,2026-01-29T00:55:00Z,0.9000000000014552
,_result,0,2026-01-29T00:56:00Z,0.09999999999976694
,_result,0,2026-01-29T00:57:00Z,0.2999999999993008
,_result,0,2026-01-29T00:58:00Z,-0.2999999999993008
,_result,0,2026-01-29T00:59:00Z,-0.7000000000019213
,_result,0,2026-01-29T01:00:00Z,-0.39999999999906777
,_result,0,2026-01-29T01:01:00Z,0.4999999999988347
,_result,0,2026-01-29T01:02:00Z,0.09999999999976694
,_result,0,2026-01-29T01:03:00Z,-0.09999999999976694
,_result,0,2026-01-29T01:04:00Z,0.09999999999976694
,_result,0,2026-01-29T01:05:00Z,0.09999999999976694
,_result,0,2026-01-29T01:06:00Z,0.6000000000021544
,_result,0,2026-01-29T01:07:00Z,0.4999999999988347
,_result,0,2026-01-29T01:08:00Z,-0.4999999999988347
,_result,0,2026-01-29T01:09:00Z,-0.19999999999953388
,_result,0,2026-01-29T01:10:00Z,0.9999999999976694
,_result,0,2026-01-29T01:11:00Z,0.7000000000019213
,_result,0,2026-01-29T01:12:00Z,0.5999999999986017
,_result,0,2026-01-29T01:13:00Z,1.200000000000756
,_result,0,2026-01-29T01:14:00Z,1.0000000000012221
,_result,0,2026-01-29T01:15:00Z,-1.100000000000989
,_result,0,2026-01-29T01:16:00Z,-0.4999999999988347
,_result,0,2026-01-29T01:17:00Z,0.5999999999986017
,_result,0,2026-01-29T01:18:00Z,0.4999999999988347
,_result,0,2026-01-29T01:19:00Z,1.300000000000523
,_result,0,2026-01-29T01:20:00Z,2.500000000001279
,_result,0,2026-01-29T01:21:00Z,1.9999999999988916
,_result,0,2026-01-29T01:22:00Z,1.7999999999993577
,_result,0,2026-01-29T01:23:00Z,3.0999999999998806
,_result,0,2026-01-29T01:24:00Z,2.700000000000813
,_result,0,2026-01-29T01:25:00Z,0.19999999999953388
,_result,0,2026-01-29T01:26:00Z,-1.9999999999988916
,_result,0,2026-01-29T01:27:00Z,-1.8999999999991246
,_result,0,2026-01-29T01:28:00Z,-1.40000000000029
,_result,0,2026-01-29T01:29:00Z,-1.300000000000523
,_result,0,2026-01-29T01:30:00Z,-0.39999999999906777
,_result,0,2026-01-29T01:31:00Z,0.2999999999993008
,_result,0,2026-01-29T01:32:00Z,-0.19999999999953388
,_result,0,2026-01-29T01:33:00Z,-0.19999999999953388
,_result,0,2026-01-29T01:34:00Z,-0.9000000000014552
,_result,0,2026-01-29T01:35:00Z,-0.2999999999993008
,_result,0,2026-01-29T01:36:00Z,0.19999999999953388
,_result,0,2026-01-29T01:37:00Z,0.6999999999983686
,_result,0,2026-01-29T01:38:00Z,1.0000000000012221
,_result,0,2026-01-29T01:39:00Z,0.19999999999953388
,_result,0,2026-01-29T01:40:00Z,-0.2999999999993008
,_result,0,2026-01-29T01:41:00Z,-0.39999999999906777
,_result,0,2026-01-29T01:42:00Z,-1.200000000000756
,_result,0,2026-01-29T01:43:00Z,-0.4999999999988347
,_result,0,2026-01-29T01:44:00Z,-0.7000000000019213
,_result,0,2026-01-29T01:45:00Z,-0.5999999999986017
,_result,0,2026-01-29T01:46:00Z,-0.09999999999976694
,_result,0,2026-01-29T01:47:00Z,-0.4000000000026205
,_result,0,2026-01-29T01:50:00Z,-0.8999999999979025
,_result,0,2026-01-29T01:51:00Z,-1.0000000000012221
,_result,0,2026-01-29T01:52:00Z,0
,_result,0,2026-01-29T01:53:00Z,-0.6000000000021544
,_result,0,2026-01-29T01:54:00Z,-0.39999999999906777
,_result,0,2026-01-29T01:55:00Z,-0.5999999999986017
,_result,0,2026-01-29T01:56:00Z,-1.300000000000523
,_result,0,2026-01-29T01:57:00Z,-0.19999999999953388
,_result,0,2026-01-29T01:58:00Z,0.2999999999993008
,_result,0,2026-01-29T01:59:00Z,0.39999999999906777
,_result,0,2026-01-29T02:00:00Z,1.9000000000026773
,_result,0,2026-01-29T02:01:00Z,1.3999999999967372
,_result,0,2026-01-29T02:02:00Z,-1.0999999999974364
,_result,0,2026-01-29T02:03:00Z,-2.600000000001046
,_result,0,2026-01-29T02:04:00Z,-1.0000000000012221
,_result,0,2026-01-29T02:05:00Z,0.7000000000019213
,_result,0,2026-01-29T02:06:00Z,-0.6000000000021544
,_result,0,2026-01-29T02:07:00Z,-0.5999999999986017
,_result,0,2026-01-29T02:08:00Z,-1.0000000000012221
,_result,0,2026-01-29T02:09:00Z,-0.4999999999988347
,_result,0,2026-01-29T02:10:00Z,0
,_result,0,2026-01-29T02:11:00Z,-0.6999999999983686
,_result,0,2026-01-29T02:12:00Z,-0.7000000000019213
,_result,0,2026-01-29T02:13:00Z,-0.9999999999976694
,_result,0,2026-01-29T02:14:00Z,-0.9000000000014552
,_result,0,2026-01-29T02:15:00Z,-0.39999999999906777
,_result,0,2026-01-29T02:16:00Z,0.5999999999986017
,_result,0,2026-01-29T02:17:00Z,1.40000000000029
,_result,0,2026-01-29T02:18:00Z,1.7999999999993577
,_result,0,2026-01-29T02:19:00Z,1.100000000000989
,_result,0,2026-01-29T02:20:00Z,0.19999999999953388
,_result,0,2026-01-29T02:21:00Z,-0.4999999999988347
,_result,0,2026-01-29T02:22:00Z,-0.9000000000014552
,_result,0,2026-01-29T02:23:00Z,-0.2999999999993008
,_result,0,2026-01-29T02:24:00Z,-1.5999999999998238
,_result,0,2026-01-29T02:25:00Z,-1.5999999999998238
,_result,0,2026-01-29T02:26:00Z,-0.8000000000016882
,_result,0,2026-01-29T02:27:00Z,0.5000000000023874
,_result,0,2026-01-29T02:28:00Z,1.0999999999974364
,_result,0,2026-01-29T02:29:00Z,-0.19999999999953388
,_result,0,2026-01-29T02:30:00Z,0.19999999999953388
,_result,0,2026-01-29T02:31:00Z,1.5000000000000568
,_result,0,2026-01-29T02:32:00Z,-0.4999999999988347
,_result,0,2026-01-29T02:33:00Z,-1.40000000000029
,_result,0,2026-01-29T02:34:00Z,-1.300000000000523
,_result,0,2026-01-29T02:35:00Z,-1.5000000000000568
,_result,0,2026-01-29T02:36:00Z,-1.40000000000029
,_result,0,2026-01-29T02:37:00Z,-0.9999999999976694
,_result,0,2026-01-29T02:38:00Z,0.8999999999979025
,_result,0,2026-01-29T02:39:00Z,0.6000000000021544
,_result,0,2026-01-29T02:40:00Z,-0.2000000000030866
,_result,0,2026-01-29T02:41:00Z,-0.6999999999983686
,_result,0,2026-01-29T02:42:00Z,-1.300000000000523
,_result,0,2026-01-29T02:43:00Z,-0.4999999999988347
,_result,0,2026-01-29T02:44:00Z,0.2999999999993008
,_result,0,2026-01-29T02:45:00Z,0
,_result,0,2026-01-29T02:46:00Z,0.2999999999993008
,_result,0,2026-01-29T02:47:00Z,0
,_result,0,2026-01-29T02:48:00Z,0.6000000000021544
,_result,0,2026-01-29T02:49:00Z,0.19999999999953388
,_result,0,2026-01-29T02:50:00Z,0.4999999999988347
,_result,0,2026-01-29T02:51:00Z,-0.39999999999906777
,_result,0,2026-01-29T02:52:00Z,0.5999999999986017
,_result,0,2026-01-29T02:53:00Z,0.09999999999976694
,_result,0,2026-01-29T02:54:00Z,0.4000000000026205
,_result,0,2026-01-29T02:55:00Z,0.19999999999953388
,_result,0,2026-01-29T02:56:00Z,-1.0000000000012221
,_result,0,2026-01-29T02:57:00Z,-1.100000000000989
,_result,0,2026-01-29T02:58:00Z,-0.4999999999988347
,_result,0,2026-01-29T02:59:00Z,-0.19999999999953388
,_result,0,2026-01-29T03:00:00Z,0.7999999999981355
,_result,0,2026-01-29T03:01:00Z,0.9000000000014552
,_result,0,2026-01-29T03:02:00Z,-0.09999999999976694
,_result,0,2026-01-29T03:03:00Z,-0.7000000000019213
,_result,0,2026-01-29T03:04:00Z,-0.8999999999979025
,_result,0,2026-01-29T03:05:00Z,-0.39999999999906777
,_result,0,2026-01-29T03:06:00Z,-0.30000000000285354
,_result,0,2026-01-29T03:07:00Z,0.9000000000014552
,_result,0,2026-01-29T03:08:00Z,1.5999999999998238
,_result,0,2026-01-29T03:09:00Z,0.5999999999986017
,_result,0,2026-01-29T03:10:00Z,0.2000000000030866
,_result,0,2026-01-29T03:11:00Z,-0.9000000000014552
,_result,0,2026-01-29T03:12:00Z,-0.5999999999986017
,_result,0,2026-01-29T03:13:00Z,0.5999999999986017
,_result,0,2026-01-29T03:14:00Z,0.19999999999953388
,_result,0,2026-01-29T03:15:00Z,-0.7999999999981355
,_result,0,2026-01-29T03:16:00Z,-1.0000000000012221
,_result,0,2026-01-29T03:17:00Z,0
,_result,0,2026-01-29T03:18:00Z,1.0000000000012221
,_result,0,2026-01-29T03:19:00Z,0.8999999999979025
,_result,0,2026-01-29T03:20:00Z,0.19999999999953388
,_result,0,2026-01-29T03:21:00Z,-0.5999999999986017
,_result,0,2026-01-29T03:22:00Z,-1.100000000000989
,_result,0,2026-01-29T08:11:00Z,-1.5999999999998238
,_result,0,2026-01-29T08:12:00Z,-1.8999999999991246
,_result,0,2026-01-29T08:13:00Z,-0.2999999999993008
,_result,0,2026-01-29T08:14:00Z,-1.40000000000029
,_result,0,2026-01-29T08:15:00Z,-1.9000000000026773
,_result,0,2026-01-29T08:16:00Z,3.2000000000032003
,_result,0,2026-01-29T08:17:00Z,-0.5000000000023874
,_result,0,2026-01-29T08:18:00Z,-1.5999999999998238
,_result,0,2026-01-29T08:19:00Z,-0.8999999999979025
,_result,0,2026-01-29T08:20:00Z,2.0999999999986585
,_result,0,2026-01-29T08:21:00Z,2.2999999999981924
,_result,0,2026-01-29T08:22:00Z,-1.1999999999972033
,_result,0,2026-01-29T08:23:00Z,-1.100000000000989
,_result,0,2026-01-29T08:24:00Z,-0.4999999999988347
,_result,0,2026-01-29T08:25:00Z,1.0999999999974364
,_result,0,2026-01-29T08:26:00Z,-1.5999999999998238
,_result,0,2026-01-29T08:27:00Z,0.30000000000285354
,_result,0,2026-01-29T08:28:00Z,-0.9000000000014552
,_result,0,2026-01-29T08:29:00Z,-0.19999999999953388
,_result,0,2026-01-29T08:30:00Z,-0.09999999999976694
,_result,0,2026-01-29T08:31:00Z,0.8999999999979025
,_result,0,2026-01-29T08:32:00Z,-0.7999999999981355
,_result,0,2026-01-29T08:33:00Z,-1.40000000000029
,_result,0,2026-01-29T08:34:00Z,-0.19999999999953388
,_result,0,2026-01-29T08:35:00Z,1.200000000000756
,_result,0,2026-01-29T08:36:00Z,0.2999999999993008
,_result,0,2026-01-29T08:37:00Z,-2.0000000000024443
,_result,0,2026-01-29T08:38:00Z,0.7000000000019213
,_result,0,2026-01-29T08:39:00Z,-4.000000000001336
,_result,0,2026-01-29T08:40:00Z,-1.0999999999974364
,_result,0,2026-01-29T08:41:00Z,-0.30000000000285354
,_result,0,2026-01-29T08:42:00Z,-1.8999999999991246
,_result,0,2026-01-29T08:43:00Z,-0.4999999999988347
,_result,0,2026-01-29T08:44:00Z,2.700000000000813
,_result,0,2026-01-29T08:45:00Z,1.3999999999967372
,_result,0,2026-01-29T08:46:00Z,-0.9999999999976694
,_result,0,2026-01-29T08:47:00Z,0.19999999999953388
,_result,0,2026-01-29T08:48:00Z,0.09999999999976694
,_result,0,2026-01-29T08:49:00Z,1.5000000000000568
,_result,0,2026-01-29T08:50:00Z,-2.400000000001512
,_result,0,2026-01-29T08:51:00Z,-3.4999999999989484
,_result,0,2026-01-29T08:52:00Z,2.80000000000058
,_result,0,2026-01-29T08:53:00Z,0.4999999999988347
,_result,0,2026-01-29T08:54:00Z,-1.9999999999988916
,_result,0,2026-01-29T08:55:00Z,0.09999999999976694
,_result,0,2026-01-29T08:56:00Z,0
,_result,0,2026-01-29T08:57:00Z,-0.6999999999983686
,_result,0,2026-01-29T08:58:00Z,0.6999999999983686
,_result,0,2026-01-29T08:59:00Z,-1.5000000000000568
,_result,0,2026-01-29T09:00:00Z,-1.5999999999998238
,_result,0,2026-01-29T09:01:00Z,0.8000000000016882
,_result,0,2026-01-29T09:02:00Z,-1.100000000000989
,_result,0,2026-01-29T09:03:00Z,-1.5999999999998238
,_result,0,2026-01-29T09:04:00Z,1.40000000000029
,_result,0,2026-01-29T09:05:00Z,1.40000000000029
,_result,0,2026-01-29T09:06:00Z,1.7999999999993577
,_result,0,2026-01-29T09:07:00Z,-1.200000000000756
,_result,0,2026-01-29T09:08:00Z,0.39999999999906777
,_result,0,2026-01-29T09:09:00Z,-1.8999999999991246
,_result,0,2026-01-29T09:10:00Z,-1.200000000000756
,_result,0,2026-01-29T09:11:00Z,0.39999999999906777
,_result,0,2026-01-29T09:12:00Z,-0.7999999999981355
,_result,0,2026-01-29T09:13:00Z,0.09999999999976694
,_result,0,2026-01-29T09:14:00Z,-0.4999999999988347
,_result,0,2026-01-29T09:15:00Z,-2.400000000001512
,_result,0,2026-01-29T09:16:00Z,-0.6999999999983686
,_result,0,2026-01-29T09:17:00Z,2.4999999999977263
,_result,0,2026-01-29T09:18:00Z,-0.9999999999976694
,_result,0,2026-01-29T09:19:00Z,0
,_result,0,2026-01-29T09:20:00Z,1.6999999999995907
,_result,0,2026-01-29T09:21:00Z,0.39999999999906777
,_result,0,2026-01-29T09:22:00Z,0.39999999999906777
,_result,0,2026-01-29T09:23:00Z,-0.6999999999983686
,_result,0,2026-01-29T09:24:00Z,-0.8000000000016882
,_result,0,2026-01-29T09:25:00Z,-1.8999999999991246
,_result,0,2026-01-29T09:26:00Z,1.0000000000012221
,_result,0,2026-01-29T09:27:00Z,2.80000000000058
,_result,0,2026-01-29T09:28:00Z,1.8999999999991246
,_result,0,2026-01-29T09:29:00Z,-2.600000000001046
,_result,0,2026-01-29T09:30:00Z,-0.39999999999906777
,_result,0,2026-01-29T09:31:00Z,0.09999999999976694
,_result,0,2026-01-29T09:32:00Z,0.8999999999979025
,_result,0,2026-01-29T09:33:00Z,0.6000000000021544
,_result,0,2026-01-29T09:34:00Z,-2.300000000001745
,_result,0,2026-01-29T09:35:00Z,-1.6999999999995907
,_result,0,2026-01-29T09:36:00Z,1.200000000000756
,_result,0,2026-01-29T09:37:00Z,1.9999999999988916
,_result,0,2026-01-29T09:38:00Z,-0.4999999999988347
,_result,0,2026-01-29T09:39:00Z,-2.500000000001279
,_result,0,2026-01-29T09:40:00Z,1.40000000000029
,_result,0,2026-01-29T09:41:00Z,-0.7999999999981355
,_result,0,2026-01-29T09:42:00Z,-1.300000000000523
,_result,0,2026-01-29T09:43:00Z,0.8999999999979025
,_result,0,2026-01-29T09:44:00Z,-0.2999999999993008
,_result,0,2026-01-29T09:45:00Z,1.200000000000756
,_result,0,2026-01-29T09:46:00Z,1.5999999999998238
,_result,0,2026-01-29T09:47:00Z,-1.9999999999988916
,_result,0,2026-01-29T09:48:00Z,-1.0000000000012221
,_result,0,2026-01-29T09:49:00Z,-1.5999999999998238
,_result,0,2026-01-29T09:50:00Z,-0.5999999999986017
,_result,0,2026-01-29T09:51:00Z,0.4999999999988347
,_result,0,2026-01-29T09:52:00Z,-0.5999999999986017
,_result,0,2026-01-29T09:53:00Z,-2.100000000002211
,_result,0,2026-01-29T09:54:00Z,-0.9999999999976694
,_result,0,2026-01-29T09:55:00Z,1.1999999999972033
,_result,0,2026-01-29T09:56:00Z,2.200000000001978
,_result,0,2026-01-29T09:57:00Z,0.39999999999906777
,_result,0,2026-01-29T09:58:00Z,-1.5000000000000568
,_result,0,2026-01-29T09:59:00Z,-0.2999999999993008
,_result,0,2026-01-29T10:00:00Z,0.9000000000014552
,_result,0,2026-01-29T10:01:00Z,-1.8000000000029104
,_result,0,2026-01-29T10:02:00Z,-2.2999999999981924
,_result,0,2026-01-29T10:03:00Z,-3.4999999999989484
,_result,0,2026-01-29T10:04:00Z,-1.0000000000012221
,_result,0,2026-01-29T10:05:00Z,0.5999999999986017
,_result,0,2026-01-29T10:06:00Z,0.09999999999976694
,_result,0,2026-01-29T10:07:00Z,-1.9999999999988916
,_result,0,2026-01-29T10:08:00Z,-2.700000000000813
,_result,0,2026-01-29T10:09:00Z,-1.9999999999988916
,_result,0,2026-01-29T10:12:00Z,-0.8000000000016882
,_result,0,2026-01-29T10:13:00Z,0.4000000000026205
,_result,0,2026-01-29T10:14:00Z,-1.300000000000523
,_result,0,2026-01-29T10:15:00Z,-2.100000000002211
,_result,0,2026-01-29T10:16:00Z,0.30000000000285354
,_result,0,2026-01-29T10:17:00Z,2.1999999999984254
,_result,0,2026-01-29T10:18:00Z,0.6000000000021544
,_result,0,2026-01-29T10:19:00Z,-2.80000000000058
,_result,0,2026-01-29T10:20:00Z,0.09999999999976694
,_result,0,2026-01-29T10:21:00Z,1.200000000000756
,_result,0,2026-01-29T10:22:00Z,-1.6000000000033765
,_result,0,2026-01-29T10:23:00Z,1.6000000000033765
,_result,0,2026-01-29T10:24:00Z,2.0999999999986585
,_result,0,2026-01-29T10:25:00Z,-1.40000000000029
,_result,0,2026-01-29T10:26:00Z,0
,_result,0,2026-01-29T10:27:00Z,0.09999999999976694
,_result,0,2026-01-29T10:28:00Z,1.5000000000000568
,_result,0,2026-01-29T10:29:00Z,0.9000000000014552
,_result,0,2026-01-29T10:30:00Z,1.5000000000000568
,_result,0,2026-01-29T10:31:00Z,-2.400000000001512
,_result,0,2026-01-29T10:32:00Z,1.5999999999998238
,_result,0,2026-01-29T10:33:00Z,-1.100000000000989
,_result,0,2026-01-29T10:34:00Z,2.100000000002211
,_result,0,2026-01-29T10:35:00Z,-0.6000000000021544
,_result,0,2026-01-29T10:36:00Z,1.0000000000012221
,_result,0,2026-01-29T10:37:00Z,3.4999999999989484
,_result,0,2026-01-29T10:38:00Z,1.200000000000756
,_result,0,2026-01-29T10:39:00Z,0.9000000000014552
,_result,0,2026-01-29T10:40:00Z,1.1999999999972033
,_result,0,2026-01-29T10:41:00Z,0.5000000000023874
,_result,0,2026-01-29T10:42:00Z,-1.100000000000989
,_result,0,2026-01-29T10:43:00Z,1.5999999999998238
,_result,0,2026-01-29T10:44:00Z,1.5999999999998238
,_result,0,2026-01-29T10:45:00Z,-0.9999999999976694
,_result,0,2026-01-29T10:46:00Z,2.1999999999984254
,_result,0,2026-01-29T10:47:00Z,2.700000000000813
,_result,0,2026-01-29T10:48:00Z,0.7999999999981355
,_result,0,2026-01-29T10:49:00Z,-0.4999999999988347
,_result,0,2026-01-29T10:50:00Z,0.6999999999983686
,_result,0,2026-01-29T10:51:00Z,-0.19999999999953388
,_result,0,2026-01-29T10:52:00Z,0.4000000000026205
,_result,0,2026-01-29T10:53:00Z,1.7999999999993577
,_result,0,2026-01-29T10:54:00Z,0.7999999999981355
,_result,0,2026-01-29T10:55:00Z,0.8000000000016882
,_result,0,2026-01-29T10:56:00Z,0.2999999999993008
,_result,0,2026-01-29T10:57:00Z,0.4999999999988347
,_result,0,2026-01-29T10:58:00Z,1.5000000000000568
,_result,0,2026-01-29T10:59:00Z,-2.2999999999981924
,_result,0,2026-01-29T11:00:00Z,1.0999999999974364
,_result,0,2026-01-29T11:01:00Z,2.100000000002211
,_result,0,2026-01-29T11:02:00Z,0.09999999999976694
,_result,0,2026-01-29T11:03:00Z,1.0000000000012221
,_result,0,2026-01-29T11:04:00Z,-0.4000000000026205
,_result,0,2026-01-29T11:05:00Z,0.2999999999993008
,_result,0,2026-01-29T11:06:00Z,1.200000000000756
,_result,0,2026-01-29T11:10:00Z,-1.40000000000029
,_result,0,2026-01-29T11:11:00Z,0
,_result,0,2026-01-29T11:12:00Z,0.8000000000016882
,_result,0,2026-01-29T11:13:00Z,-0.09999999999976694
,_result,0,2026-01-29T11:14:00Z,0.09999999999976694
,_result,0,2026-01-29T11:15:00Z,2.1999999999984254
,_result,0,2026-01-29T11:16:00Z,-0.9999999999976694
,_result,0,2026-01-29T11:17:00Z,-0.30000000000285354
,_result,0,2026-01-29T11:18:00Z,-1.6999999999995907
,_result,0,2026-01-29T11:19:00Z,-2.700000000000813
,_result,0,2026-01-29T11:20:00Z,-1.0999999999974364
,_result,0,2026-01-29T11:21:00Z,-1.100000000000989
,_result,0,2026-01-29T11:22:00Z,-2.600000000001046
,_result,0,2026-01-29T11:23:00Z,-0.2999999999993008
,_result,0,2026-01-29T11:24:00Z,-0.2999999999993008
,_result,0,2026-01-29T11:25:00Z,-1.300000000000523
,_result,0,2026-01-29T11:26:00Z,0.39999999999906777
,_result,0,2026-01-29T11:27:00Z,1.200000000000756
,_result,0,2026-01-29T11:28:00Z,1.100000000000989
,_result,0,2026-01-29T11:29:00Z,-1.200000000000756
,_result,0,2026-01-29T11:30:00Z,1.300000000000523
,_result,0,2026-01-29T11:31:00Z,1.6999999999995907
,_result,0,2026-01-29T11:32:00Z,0.4999999999988347
,_result,0,2026-01-29T11:33:00Z,1.0000000000012221
,_result,0,2026-01-29T11:34:00Z,-0.9000000000014552
,_result,0,2026-01-29T11:35:00Z,0
,_result,0,2026-01-29T11:36:00Z,0.10000000000331966
,_result,0,2026-01-29T11:37:00Z,0.6999999999983686
,_result,0,2026-01-29T11:38:00Z,1.6999999999995907
,_result,0,2026-01-29T11:39:00Z,-1.200000000000756
,_result,0,2026-01-29T11:40:00Z,0.4000000000026205
,_result,0,2026-01-29T11:41:00Z,0.09999999999976694
,_result,0,2026-01-29T11:42:00Z,-0.4000000000026205
,_result,0,2026-01-29T11:43:00Z,1.8000000000029104
,_result,0,2026-01-29T11:44:00Z,1.3999999999967372
,_result,0,2026-01-29T11:45:00Z,-0.09999999999976694
,_result,0,2026-01-29T11:46:00Z,-0.7999999999981355
,_result,0,2026-01-29T11:47:00Z,0.7999999999981355
,_result,0,2026-01-29T11:48:00Z,0.9000000000014552
,_result,0,2026-01-29T11:49:00Z,3.7999999999982492
,_result,0,2026-01-29T11:50:00Z,0.10000000000331966
,_result,0,2026-01-29T11:51:00Z,-0.6000000000021544
,_result,0,2026-01-29T11:52:00Z,-0.8999999999979025
,_result,0,2026-01-29T11:53:00Z,0.7999999999981355
,_result,0,2026-01-29T11:54:00Z,1.100000000000989
,_result,0,2026-01-29T11:55:00Z,0.39999999999906777
,_result,0,2026-01-29T11:56:00Z,1.6999999999995907
,_result,0,2026-01-29T11:57:00Z,-1.200000000000756
,_result,0,2026-01-29T11:58:00Z,-0.2999999999993008
,_result,0,2026-01-29T11:59:00Z,0.09999999999976694
,_result,0,2026-01-29T12:00:00Z,1.40000000000029
,_result,0,2026-01-29T12:01:00Z,-0.9999999999976694
,_result,0,2026-01-29T12:02:00Z,-0.2000000000030866
,_result,0,2026-01-29T12:03:00Z,0.7000000000019213
,_result,0,2026-01-29T12:04:00Z,0.2999999999993008
,_result,0,2026-01-29T12:05:00Z,0.5999999999986017
,_result,0,2026-01-29T12:06:00Z,3.0000000000001137
,_result,0,2026-01-29T12:07:00Z,-3.3999999999991815
,_result,0,2026-01-29T12:08:00Z,2.200000000001978
,_result,0,2026-01-29T12:09:00Z,0.39999999999906777
,_result,0,2026-01-29T12:10:00Z,0.2999999999993008
,_result,0,2026-01-29T12:11:00Z,-1.300000000000523
,_result,0,2026-01-29T12:12:00Z,-0.4999999999988347
,_result,0,2026-01-29T12:13:00Z,0.6999999999983686
,_result,0,2026-01-29T12:14:00Z,-0.6999999999983686
,_result,0,2026-01-29T12:15:00Z,1.300000000000523
,_result,0,2026-01-29T12:16:00Z,-2.80000000000058
,_result,0,2026-01-29T12:17:00Z,-0.39999999999906777
,_result,0,2026-01-29T12:18:00Z,0.9999999999976694
,_result,0,2026-01-29T12:19:00Z,-2.599999999997493
,_result,0,2026-01-29T12:20:00Z,-0.09999999999976694
,_result,0,2026-01-29T12:21:00Z,-0.8000000000016882
,_result,0,2026-01-29T12:22:00Z,-0.5999999999986017
,_result,0,2026-01-29T12:23:00Z,2.1999999999984254
,_result,0,2026-01-29T12:24:00Z,0.5999999999986017
,_result,0,2026-01-29T12:25:00Z,3.2000000000032003
,_result,0,2026-01-29T12:26:00Z,1.0999999999974364
,_result,0,2026-01-29T12:27:00Z,-1.0999999999974364
,_result,0,2026-01-29T12:28:00Z,-0.7000000000019213
,_result,0,2026-01-29T12:29:00Z,0.39999999999906777
,_result,0,2026-01-29T12:30:00Z,0.9000000000014552
,_result,0,2026-01-29T12:31:00Z,2.2999999999981924
,_result,0,2026-01-29T12:32:00Z,-1.8999999999991246
,_result,0,2026-01-29T12:33:00Z,0.9000000000014552
,_result,0,2026-01-29T12:34:00Z,-0.2999999999993008
,_result,0,2026-01-29T12:35:00Z,-0.5000000000023874
,_result,0,2026-01-29T12:36:00Z,-1.300000000000523
,_result,0,2026-01-29T12:37:00Z,2.200000000001978
,_result,0,2026-01-29T12:38:00Z,0.8999999999979025
,_result,0,2026-01-29T12:39:00Z,1.6000000000033765
,_result,0,2026-01-29T12:40:00Z,-0.10000000000331966
,_result,0,2026-01-29T12:41:00Z,-1.6999999999995907
,_result,0,2026-01-29T12:42:00Z,2.200000000001978
,_result,0,2026-01-29T12:43:00Z,2.0999999999986585
,_result,0,2026-01-29T12:44:00Z,1.300000000000523
,_result,0,2026-01-29T12:45:00Z,-0.4999999999988347
,_result,0,2026-01-29T12:46:00Z,4.09999999999755
,_result,0,2026-01-29T12:47:00Z,0.9000000000014552
,_result,0,2026-01-29T12:48:00Z,-1.7999999999993577
,_result,0,2026-01-29T12:49:00Z,0.9999999999976694
,_result,0,2026-01-29T12:50:00Z,-0.2999999999993008
,_result,0,2026-01-29T12:51:00Z,-0.19999999999953388
,_result,0,2026-01-29T12:52:00Z,-0.09999999999976694
,_result,0,2026-01-29T12:53:00Z,-0.6999999999983686
,_result,0,2026-01-29T12:54:00Z,0.8999999999979025
,_result,0,2026-01-29T12:55:00Z,-0.09999999999976694
,_result,0,2026-01-29T12:56:00Z,0.19999999999953388
,_result,0,2026-01-29T12:57:00Z,2.400000000001512
,_result,0,2026-01-29T12:58:00Z,3.0999999999998806
,_result,0,2026-01-29T12:59:00Z,2.2999999999981924
,_result,0,2026-01-29T13:00:00Z,1.100000000000989
,_result,0,2026-01-29T13:01:00Z,-4.000000000001336
,_result,0,2026-01-29T13:02:00Z,-1.6999999999995907
,_result,0,2026-01-29T13:03:00Z,0.4000000000026205
,_result,0,2026-01-29T13:04:00Z,0.19999999999953388
,_result,0,2026-01-29T13:05:00Z,0.7999999999981355
,_result,0,2026-01-29T13:06:00Z,-0.7999999999981355
,_result,0,2026-01-29T13:07:00Z,-1.5000000000000568
,_result,0,2026-01-29T13:08:00Z,-2.0000000000024443
,_result,0,2026-01-29T13:09:00Z,1.5999999999998238
,_result,0,2026-01-29T13:10:00Z,2.200000000001978
,_result,0,2026-01-29T13:11:00Z,0.2999999999993008
,_result,0,2026-01-29T13:12:00Z,-2.80000000000058
,_result,0,2026-01-29T13:13:00Z,-1.5999999999998238
,_result,0,2026-01-29T13:14:00Z,-1.5000000000000568
,_result,0,2026-01-29T13:15:00Z,0.09999999999976694
,_result,0,2026-01-29T13:16:00Z,0.9000000000014552
,_result,0,2026-01-29T13:17:00Z,-0.9000000000014552
,_result,0,2026-01-29T13:18:00Z,-2.599999999997493
,_result,0,2026-01-29T13:19:00Z,0.7999999999981355
,_result,0,2026-01-29T13:20:00Z,2.200000000001978
,_result,0,2026-01-29T13:21:00Z,1.2999999999969702
,_result,0,2026-01-29T13:22:00Z,1.300000000000523
,_result,0,2026-01-29T13:23:00Z,1.7999999999993577
,_result,0,2026-01-29T13:24:00Z,-0.6999999999983686
,_result,0,2026-01-29T13:25:00Z,-0.2999999999993008
,_result,0,2026-01-29T13:26:00Z,-1.40000000000029
,_result,0,2026-01-29T13:27:00Z,1.8999999999991246
,_result,0,2026-01-29T13:28:00Z,-1.100000000000989
,_result,0,2026-01-29T13:29:00Z,-0.09999999999976694
,_result,0,2026-01-29T13:30:00Z,-2.1999999999984254
,_result,0,2026-01-29T13:31:00Z,-0.7000000000019213
,_result,0,2026-01-29T13:32:00Z,-3.1999999999996476
,_result,0,2026-01-29T13:33:00Z,0.8000000000016882
,_result,0,2026-01-29T13:34:00Z,-2.400000000001512
,_result,0,2026-01-29T13:35:00Z,-1.7999999999993577
,_result,0,2026-01-29T13:36:00Z,0.7000000000019213
,_result,0,2026-01-29T13:37:00Z,0.09999999999976694
,_result,0,2026-01-29T13:38:00Z,-0.5000000000023874
,_result,0,2026-01-29T13:39:00Z,0.09999999999976694
,_result,0,2026-01-29T13:40:00Z,-3.7999999999982492
,_result,0,2026-01-29T13:41:00Z,-2.500000000001279
,_result,0,2026-01-29T13:42:00Z,1.7999999999993577
,_result,0,2026-01-29T13:43:00Z,1.100000000000989
,_result,0,2026-01-29T13:44:00Z,-1.5000000000000568
,_result,0,2026-01-29T13:45:00Z,-0.19999999999953388
,_result,0,2026-01-29T13:46:00Z,2.0999999999986585
,_result,0,2026-01-29T13:47:00Z,-0.39999999999906777
,_result,0,2026-01-29T13:48:00Z,0.2999999999993008
,_result,0,2026-01-29T13:49:00Z,-0.8999999999979025
,_result,0,2026-01-29T13:50:00Z,-0.4000000000026205
,_result,0,2026-01-29T13:51:00Z,-0.5999999999986017
,_result,0,2026-01-29T13:52:00Z,-0.5999999999986017
,_result,0,2026-01-29T13:53:00Z,-1.40000000000029
,_result,0,2026-01-29T13:54:00Z,1.100000000000989
,_result,0,2026-01-29T13:55:00Z,-2.600000000001046
,_result,0,2026-01-29T13:56:00Z,2.0999999999986585
,_result,0,2026-01-29T13:57:00Z,-1.100000000000989
,_result,0,2026-01-29T13:58:00Z,-2.899999999996794
,_result,0,2026-01-29T13:59:00Z,-4.100000000001103
,_result,0,2026-01-29T14:00:00Z,0.2999999999993008
,_result,0,2026-01-29T14:01:00Z,0
,_result,0,2026-01-29T14:02:00Z,-3.4999999999989484
,_result,0,2026-01-29T14:03:00Z,-1.100000000000989
,_result,0,2026-01-29T14:04:00Z,2.700000000000813
,_result,0,2026-01-29T14:05:00Z,1.8999999999991246
,_result,0,2026-01-29T14:06:00Z,-0.19999999999953388
,_result,0,2026-01-29T14:07:00Z,-0.9000000000014552
,_result,0,2026-01-29T14:08:00Z,1.0000000000012221
,_result,0,2026-01-29T14:09:00Z,-1.5000000000000568
,_result,0,2026-01-29T14:10:00Z,-0.9000000000014552
,_result,0,2026-01-29T14:11:00Z,0.2000000000030866
,_result,0,2026-01-29T14:12:00Z,1.3999999999967372
,_result,0,2026-01-29T14:13:00Z,0.2000000000030866
,_result,0,2026-01-29T14:14:00Z,1.40000000000029
,_result,0,2026-01-29T14:15:00Z,5.799999999997141
,_result,0,2026-01-29T14:18:00Z,-2.0000000000024443
,_result,0,2026-01-29T14:19:00Z,1.5000000000000568
,_result,0,2026-01-29T14:20:00Z,-1.2999999999969702
,_result,0,2026-01-29T14:21:00Z,0.2999999999993008
,_result,0,2026-01-29T14:22:00Z,1.300000000000523
,_result,0,2026-01-29T14:23:00Z,-0.6000000000021544
,_result,0,2026-01-29T14:24:00Z,-3.4999999999989484
,_result,0,2026-01-29T14:25:00Z,-1.300000000000523
,_result,0,2026-01-29T14:26:00Z,1.300000000000523
,_result,0,2026-01-29T14:27:00Z,-1.8999999999991246
,_result,0,2026-01-29T14:28:00Z,1.7999999999993577
,_result,0,2026-01-29T14:29:00Z,1.300000000000523
,_result,0,2026-01-29T14:30:00Z,-1.100000000000989
,_result,0,2026-01-29T14:31:00Z,1.5000000000000568
,_result,0,2026-01-29T14:32:00Z,0.39999999999906777
,_result,0,2026-01-29T14:33:00Z,-0.9999999999976694
,_result,0,2026-01-29T14:34:00Z,0.19999999999953388
,_result,0,2026-01-29T14:35:00Z,-0.6000000000021544
,_result,0,2026-01-29T14:36:00Z,-0.5999999999986017
,_result,0,2026-01-29T14:37:00Z,1.40000000000029
,_result,0,2026-01-29T14:38:00Z,4.20000000000087
,_result,0,2026-01-29T14:39:00Z,-0.2000000000030866
,_result,0,2026-01-29T14:40:00Z,0.30000000000285354
,_result,0,2026-01-29T14:41:00Z,2.2999999999981924
,_result,0,2026-01-29T14:42:00Z,2.500000000001279
,_result,0,2026-01-29T14:43:00Z,0.9999999999976694
,_result,0,2026-01-29T14:44:00Z,-3.899999999998016
,_result,0,2026-01-29T14:45:00Z,1.5000000000000568
,_result,0,2026-01-29T14:46:00Z,-0.5999999999986017
,_result,0,2026-01-29T14:47:00Z,-0.2000000000030866
,_result,0,2026-01-29T14:48:00Z,0
,_result,0,2026-01-29T14:49:00Z,-1.5000000000000568
,_result,0,2026-01-29T14:50:00Z,0
,_result,0,2026-01-29T14:51:00Z,1.0000000000012221
,_result,0,2026-01-29T14:52:00Z,-0.09999999999976694
,_result,0,2026-01-29T14:53:00Z,0.19999999999953388
,_result,0,2026-01-29T14:54:00Z,-1.5000000000000568
,_result,0,2026-01-29T14:55:00Z,-0.09999999999976694
,_result,0,2026-01-29T14:56:00Z,-2.500000000001279
,_result,0,2026-01-29T14:57:00Z,1.5000000000000568
,_result,0,2026-01-29T14:58:00Z,0.8000000000016882
,_result,0,2026-01-29T14:59:00Z,-0.9000000000014552
,_result,0,2026-01-29T15:00:00Z,1.6999999999995907
,_result,0,2026-01-29T15:01:00Z,3.1000000000034333
,_result,0,2026-01-29T15:02:00Z,1.6999999999995907
,_result,0,2026-01-29T15:03:00Z,-0.30000000000285354
,_result,0,2026-01-29T15:04:00Z,-2.4999999999977263
,_result,0,2026-01-29T15:05:00Z,-1.8999999999991246
,_result,0,2026-01-29T15:06:00Z,-0.10000000000331966
,_result,0,2026-01-29T15:07:00Z,-3.899999999998016
,_result,0,2026-01-29T15:08:00Z,0.09999999999976694
,_result,0,2026-01-29T15:09:00Z,-0.5999999999986017
,_result,0,2026-01-29T15:10:00Z,-0.5000000000023874
,_result,0,2026-01-29T15:11:00Z,1.100000000000989
,_result,0,2026-01-29T15:12:00Z,-1.200000000000756
,_result,0,2026-01-29T15:13:00Z,0.8000000000016882
,_result,0,2026-01-29T15:14:00Z,-2.400000000001512
,_result,0,2026-01-29T15:15:00Z,-1.40000000000029
,_result,0,2026-01-29T15:16:00Z,-1.9999999999988916
,_result,0,2026-01-29T15:17:00Z,0.9000000000014552
,_result,0,2026-01-29T15:18:00Z,-0.4000000000026205
,_result,0,2026-01-29T15:19:00Z,1.7999999999993577
,_result,0,2026-01-29T15:20:00Z,-0.2999999999993008
,_result,0,2026-01-29T15:21:00Z,-0.7999999999981355
,_result,0,2026-01-29T15:22:00Z,-0.19999999999953388
,_result,0,2026-01-29T15:23:00Z,-2.400000000001512
,_result,0,2026-01-29T15:24:00Z,2.400000000001512
,_result,0,2026-01-29T15:25:00Z,-1.5999999999998238
,_result,0,2026-01-29T15:26:00Z,-2.0000000000024443
,_result,0,2026-01-29T15:27:00Z,0.6000000000021544
,_result,0,2026-01-29T15:28:00Z,-1.200000000000756
,_result,0,2026-01-29T15:29:00Z,0
,_result,0,2026-01-29T15:30:00Z,-0.5000000000023874
,_result,0,2026-01-29T15:31:00Z,0.2000000000030866
,_result,0,2026-01-29T15:32:00Z,1.2999999999969702
,_result,0,2026-01-29T15:33:00Z,-0.6999999999983686
,_result,0,2026-01-29T15:34:00Z,-2.600000000001046
,_result,0,2026-01-29T15:35:00Z,-1.40000000000029
,_result,0,2026-01-29T15:36:00Z,-0.09999999999976694
,_result,0,2026-01-29T15:37:00Z,1.0000000000012221
,_result,0,2026-01-29T15:38:00Z,1.6999999999995907
,_result,0,2026-01-29T15:39:00Z,0.4999999999988347
,_result,0,2026-01-29T15:40:00Z,0
,_result,0,2026-01-29T15:41:00Z,1.9000000000026773
,_result,0,2026-01-29T15:42:00Z,1.40000000000029
,_result,0,2026-01-29T15:43:00Z,-1.100000000000989
,_result,0,2026-01-29T15:44:00Z,0.8999999999979025
,_result,0,2026-01-29T15:45:00Z,-2.2999999999981924
,_result,0,2026-01-29T15:46:00Z,-1.100000000000989
,_result,0,2026-01-29T15:47:00Z,0.09999999999976694
,_result,0,2026-01-29T15:48:00Z,-3.899999999998016
,_result,0,2026-01-29T15:49:00Z,-2.100000000002211
,_result,0,2026-01-29T15:50:00Z,2.600000000001046
,_result,0,2026-01-29T15:51:00Z,2.200000000001978
,_result,0,2026-01-29T15:52:00Z,0.5999999999986017
,_result,0,2026-01-29T15:53:00Z,-1.200000000000756
,_result,0,2026-01-29T15:54:00Z,-2.1999999999984254
,_result,0,2026-01-29T15:55:00Z,1.300000000000523
,_result,0,2026-01-29T15:56:00Z,-0.10000000000331966
,_result,0,2026-01-29T15:57:00Z,0.7000000000019213
,_result,0,2026-01-29T15:58:00Z,1.5000000000000568
,_result,0,2026-01-29T15:59:00Z,-0.5999999999986017
,_result,0,2026-01-29T16:00:00Z,-1.5000000000000568
,_result,0,2026-01-29T16:01:00Z,0.8999999999979025
,_result,0,2026-01-29T16:02:00Z,0.6000000000021544
,_result,0,2026-01-29T16:03:00Z,-2.500000000001279
,_result,0,2026-01-29T16:04:00Z,0.39999999999906777
,_result,0,2026-01-29T16:05:00Z,-0.8999999999979025
,_result,0,2026-01-29T16:06:00Z,1.5999999999998238
,_result,0,2026-01-29T16:07:00Z,1.8999999999991246
,_result,0,2026-01-29T16:08:00Z,0
,_result,0,2026-01-29T16:09:00Z,0.39999999999906777
,_result,0,2026-01-29T16:10:00Z,0.19999999999953388
,_result,0,2026-01-29T16:11:00Z,-0.09999999999976694
,_result,0,2026-01-29T16:12:00Z,0.6000000000021544
,_result,0,2026-01-29T16:13:00Z,0.8999999999979025
,_result,0,2026-01-29T16:14:00Z,0.8000000000016882
,_result,0,2026-01-29T16:15:00Z,0.6999999999983686
,_result,0,2026-01-29T16:16:00Z,1.7999999999993577
,_result,0,2026-01-29T16:17:00Z,2.200000000001978
,_result,0,2026-01-29T16:18:00Z,-1.300000000000523
,_result,0,2026-01-29T16:19:00Z,-1.0000000000012221
,_result,0,2026-01-29T16:20:00Z,0.6000000000021544
,_result,0,2026-01-29T16:21:00Z,-0.19999999999953388
,_result,0,2026-01-29T16:22:00Z,0.09999999999976694
,_result,0,2026-01-29T16:23:00Z,-1.0000000000012221
,_result,0,2026-01-29T16:24:00Z,-3.5999999999987153
,_result,0,2026-01-29T16:25:00Z,-1.5999999999998238
,_result,0,2026-01-29T16:26:00Z,2.4999999999977263
,_result,0,2026-01-29T16:27:00Z,1.200000000000756
,_result,0,2026-01-29T16:28:00Z,2.400000000001512
,_result,0,2026-01-29T16:29:00Z,1.9999999999988916
,_result,0,2026-01-29T16:30:00Z,0.39999999999906777
,_result,0,2026-01-29T16:31:00Z,0.9000000000014552
,_result,0,2026-01-29T16:32:00Z,-1.40000000000029
,_result,0,2026-01-29T16:33:00Z,-2.200000000001978
,_result,0,2026-01-29T16:34:00Z,0.8000000000016882
,_result,0,2026-01-29T16:35:00Z,3.0000000000001137
,_result,0,2026-01-29T16:36:00Z,3.899999999998016
,_result,0,2026-01-29T16:37:00Z,7.699999999999818
,_result,0,2026-01-29T16:38:00Z,6.099999999999994
,_result,0,2026-01-29T16:39:00Z,5.200000000002092
,_result,0,2026-01-29T16:40:00Z,3.0999999999998806
,_result,0,2026-01-29T16:41:00Z,4.699999999999704
,_result,0,2026-01-29T16:42:00Z,5.399999999998073
,_result,0,2026-01-29T16:43:00Z,4.800000000003024
,_result,0,2026-01-29T16:44:00Z,3.6999999999984823
,_result,0,2026-01-29T16:45:00Z,-3.5999999999987153
,_result,0,2026-01-29T16:46:00Z,-2.500000000001279
,_result,0,2026-01-29T16:47:00Z,-1.7999999999993577
,_result,0,2026-01-29T16:48:00Z,-1.7999999999993577
,_result,0,2026-01-29T16:49:00Z,-5.60000000000116
,_result,0,2026-01-29T16:50:00Z,-3.900000000001569
,_result,0,2026-01-29T16:51:00Z,-3.999999999997783
,_result,0,2026-01-29T16:52:00Z,-3.0999999999998806
,_result,0,2026-01-29T16:53:00Z,0
,_result,0,2026-01-29T16:54:00Z,-2.400000000001512
,_result,0,2026-01-29T16:55:00Z,-2.3999999999979593
,_result,0,2026-01-29T16:56:00Z,-1.0000000000012221
,_result,0,2026-01-29T16:57:00Z,-1.300000000000523
,_result,0,2026-01-29T16:58:00Z,-1.5000000000000568
,_result,0,2026-01-29T16:59:00Z,0.09999999999976694
,_result,0,2026-01-29T17:00:00Z,-0.5999999999986017
,_result,0,2026-01-29T17:01:00Z,2.80000000000058
,_result,0,2026-01-29T17:02:00Z,2.599999999997493
,_result,0,2026-01-29T17:03:00Z,-3.1999999999996476
,_result,0,2026-01-29T17:04:00Z,0.5000000000023874
,_result,0,2026-01-29T17:05:00Z,-0.30000000000285354
,_result,0,2026-01-29T17:06:00Z,0.8000000000016882
,_result,0,2026-01-29T17:07:00Z,1.7999999999993577
,_result,0,2026-01-29T17:08:00Z,-0.5999999999986017
,_result,0,2026-01-29T17:09:00Z,-2.300000000001745
,_result,0,2026-01-29T17:10:00Z,-2.700000000000813
,_result,0,2026-01-29T17:11:00Z,-1.6999999999995907
,_result,0,2026-01-29T17:12:00Z,-0.39999999999906777
,_result,0,2026-01-29T17:13:00Z,-0.5999999999986017
,_result,0,2026-01-29T17:14:00Z,-2.300000000001745
,_result,0,2026-01-29T17:15:00Z,0.2999999999993008
,_result,0,2026-01-29T17:16:00Z,0.4000000000026205
,_result,0,2026-01-29T17:17:00Z,1.40000000000029
,_result,0,2026-01-29T17:18:00Z,1.1999999999972033
,_result,0,2026-01-29T17:19:00Z,1.40000000000029
,_result,0,2026-01-29T17:20:00Z,-1.7999999999993577
,_result,0,2026-01-29T17:21:00Z,0.8000000000016882
,_result,0,2026-01-29T17:22:00Z,0.7999999999981355
,_result,0,2026-01-29T17:23:00Z,0.39999999999906777
,_result,0,2026-01-29T17:24:00Z,-0.4999999999988347
,_result,0,2026-01-29T17:25:00Z,0.2999999999993008
,_result,0,2026-01-29T17:26:00Z,1.5999999999998238
,_result,0,2026-01-29T17:27:00Z,0.9000000000014552
,_result,0,2026-01-29T17:28:00Z,0
,_result,0,2026-01-29T17:29:00Z,0.6999999999983686
,_result,0,2026-01-29T17:30:00Z,1.200000000000756
,_result,0,2026-01-29T17:31:00Z,1.9999999999988916
,_result,0,2026-01-29T17:32:00Z,-0.19999999999953388
,_result,0,2026-01-29T17:33:00Z,-0.6999999999983686
,_result,0,2026-01-29T17:34:00Z,-2.100000000002211
,_result,0,2026-01-29T17:35:00Z,-2.599999999997493
,_result,0,2026-01-29T17:36:00Z,-0.5000000000023874
,_result,0,2026-01-29T17:37:00Z,1.100000000000989
,_result,0,2026-01-29T17:38:00Z,2.200000000001978
,_result,0,2026-01-29T17:39:00Z,1.2999999999969702
,_result,0,2026-01-29T17:40:00Z,-0.39999999999906777
,_result,0,2026-01-29T17:41:00Z,-0.39999999999906777
,_result,0,2026-01-29T17:42:00Z,0.19999999999953388
,_result,0,2026-01-29T17:43:00Z,0.19999999999953388
,_result,0,2026-01-29T17:44:00Z,-1.8999999999991246
,_result,0,2026-01-29T17:45:00Z,-0.7000000000019213
,_result,0,2026-01-29T17:46:00Z,-2.0999999999986585
,_result,0,2026-01-29T17:47:00Z,-1.6999999999995907
,_result,0,2026-01-29T17:48:00Z,-1.300000000000523
,_result,0,2026-01-29T17:49:00Z,-0.5999999999986017
,_result,0,2026-01-29T17:50:00Z,0.6999999999983686
,_result,0,2026-01-29T17:51:00Z,-2.80000000000058
,_result,0,2026-01-29T17:52:00Z,-2.0999999999986585
,_result,0,2026-01-29T17:53:00Z,-0.8000000000016882
,_result,0,2026-01-29T17:54:00Z,-1.2999999999969702
,_result,0,2026-01-29T17:55:00Z,-0.5000000000023874
,_result,0,2026-01-29T17:56:00Z,-0.6999999999983686
,_result,0,2026-01-29T17:57:00Z,-1.0000000000012221
,_result,0,2026-01-29T17:58:00Z,0
,_result,0,2026-01-29T17:59:00Z,1.100000000000989
,_result,0,2026-01-29T18:00:00Z,0.4999999999988347
,_result,0,2026-01-29T18:01:00Z,-1.0999999999974364
,_result,0,2026-01-29T18:02:00Z,-0.10000000000331966
,_result,0,2026-01-29T18:03:00Z,-0.5999999999986017
,_result,0,2026-01-29T18:04:00Z,-0.2999999999993008
,_result,0,2026-01-29T18:05:00Z,1.8999999999991246
,_result,0,2026-01-29T18:06:00Z,2.0999999999986585
,_result,0,2026-01-29T18:07:00Z,0.6000000000021544
,_result,0,2026-01-29T18:08:00Z,-2.200000000001978
,_result,0,2026-01-29T18:09:00Z,-2.3999999999979593
,_result,0,2026-01-29T18:10:00Z,0.39999999999906777
,_result,0,2026-01-29T18:11:00Z,-0.6999999999983686
,_result,0,2026-01-29T18:12:00Z,1.1999999999972033
,_result,0,2026-01-29T18:13:00Z,-2.2999999999981924
,_result,0,2026-01-29T18:14:00Z,-1.40000000000029
,_result,0,2026-01-29T18:15:00Z,-1.9999999999988916
,_result,0,2026-01-29T18:16:00Z,-1.200000000000756
,_result,0,2026-01-29T18:17:00Z,0.2999999999993008
,_result,0,2026-01-29T18:18:00Z,0
,_result,0,2026-01-29T18:19:00Z,0.39999999999906777
,_result,0,2026-01-29T18:20:00Z,0
,_result,0,2026-01-29T18:23:00Z,-0.8000000000016882
,_result,0,2026-01-29T18:24:00Z,1.200000000000756
,_result,0,2026-01-29T18:25:00Z,0.39999999999906777
,_result,0,2026-01-29T18:26:00Z,0.6000000000021544
,_result,0,2026-01-29T18:27:00Z,0.8999999999979025
,_result,0,2026-01-29T18:28:00Z,-0.4999999999988347
,_result,0,2026-01-29T18:29:00Z,0.9000000000014552
,_result,0,2026-01-29T18:30:00Z,2.1999999999984254
,_result,0,2026-01-29T18:31:00Z,-0.7999999999981355
,_result,0,2026-01-29T18:32:00Z,0.6999999999983686
,_result,0,2026-01-29T18:33:00Z,3.0000000000001137
,_result,0,2026-01-29T18:34:00Z,-0.2999999999993008
,_result,0,2026-01-29T18:35:00Z,0.09999999999976694
,_result,0,2026-01-29T18:36:00Z,1.40000000000029
,_result,0,2026-01-29T18:37:00Z,3.0000000000001137
,_result,0,2026-01-29T18:38:00Z,1.40000000000029
,_result,0,2026-01-29T18:39:00Z,0.9999999999976694
,_result,0,2026-01-29T18:40:00Z,0.4000000000026205
,_result,0,2026-01-29T18:41:00Z,-1.100000000000989
,_result,0,2026-01-29T18:42:00Z,-1.300000000000523
,_result,0,2026-01-29T18:43:00Z,-1.9999999999988916
,_result,0,2026-01-29T18:44:00Z,1.5000000000000568
,_result,0,2026-01-29T18:45:00Z,0.09999999999976694
,_result,0,2026-01-29T18:46:00Z,-1.6999999999995907
,_result,0,2026-01-29T18:47:00Z,0.39999999999906777
,_result,0,2026-01-29T18:48:00Z,-0.39999999999906777
,_result,0,2026-01-29T18:49:00Z,0.2999999999993008
,_result,0,2026-01-29T18:50:00Z,-2.700000000000813
,_result,0,2026-01-29T18:51:00Z,0.09999999999976694
,_result,0,2026-01-29T18:52:00Z,0.39999999999906777
,_result,0,2026-01-29T18:53:00Z,3.1999999999996476
,_result,0,2026-01-29T18:54:00Z,-1.6999999999995907
,_result,0,2026-01-29T18:55:00Z,-0.9999999999976694
,_result,0,2026-01-29T18:56:00Z,0.7999999999981355
,_result,0,2026-01-29T18:57:00Z,-2.1999999999984254
,_result,0,2026-01-29T18:58:00Z,-1.8999999999991246
,_result,0,2026-01-29T18:59:00Z,-1.9000000000026773
,_result,0,2026-01-29T19:00:00Z,0.9000000000014552
,_result,0,2026-01-29T19:01:00Z,0
,_result,0,2026-01-29T19:02:00Z,0
,_result,0,2026-01-29T19:03:00Z,0.39999999999906777
,_result,0,2026-01-29T19:04:00Z,-3.0000000000001137
,_result,0,2026-01-29T19:05:00Z,0.6000000000021544
,_result,0,2026-01-29T19:06:00Z,-1.9000000000026773
,_result,0,2026-01-29T19:07:00Z,0.8000000000016882
,_result,0,2026-01-29T19:08:00Z,-0.8000000000016882
,_result,0,2026-01-29T19:09:00Z,-2.69999999999726
,_result,0,2026-01-29T19:10:00Z,-2.100000000002211
,_result,0,2026-01-29T19:11:00Z,1.8999999999991246
,_result,0,2026-01-29T19:12:00Z,-0.4999999999988347
,_result,0,2026-01-29T19:13:00Z,0.2999999999993008
,_result,0,2026-01-29T19:14:00Z,-0.6999999999983686
,_result,0,2026-01-29T19:15:00Z,-2.300000000001745
,_result,0,2026-01-29T19:16:00Z,-0.9999999999976694
,_result,0,2026-01-29T19:17:00Z,-1.0000000000012221
,_result,0,2026-01-29T19:18:00Z,1.5000000000000568
,_result,0,2026-01-29T19:19:00Z,3.0999999999998806
,_result,0,2026-01-29T19:20:00Z,3.5999999999987153
,_result,0,2026-01-29T19:21:00Z,2.500000000001279
,_result,0,2026-01-29T19:22:00Z,0.4999999999988347
,_result,0,2026-01-29T19:23:00Z,0.30000000000285354
,_result,0,2026-01-29T19:24:00Z,0.39999999999906777
,_result,0,2026-01-29T19:25:00Z,-1.0000000000012221
,_result,0,2026-01-29T19:26:00Z,-2.4999999999977263
,_result,0,2026-01-29T19:27:00Z,-2.80000000000058
,_result,0,2026-01-29T19:28:00Z,-3.900000000001569
,_result,0,2026-01-29T19:29:00Z,-1.300000000000523
,_result,0,2026-01-29T19:30:00Z,-0.09999999999976694
,_result,0,2026-01-29T19:31:00Z,0
,_result,0,2026-01-29T19:32:00Z,1.7999999999993577
,_result,0,2026-01-29T19:33:00Z,0.4000000000026205
,_result,0,2026-01-29T19:34:00Z,3.1999999999996476
,_result,0,2026-01-29T19:35:00Z,2.4999999999977263
,_result,0,2026-01-29T19:36:00Z,3.400000000002734
,_result,0,2026-01-29T19:37:00Z,2.2999999999981924
,_result,0,2026-01-29T19:38:00Z,3.1999999999996476
,_result,0,2026-01-29T19:39:00Z,-1.0999999999974364
,_result,0,2026-01-29T19:40:00Z,-2.400000000001512
,_result,0,2026-01-29T19:41:00Z,-0.8000000000016882
,_result,0,2026-01-29T19:42:00Z,-0.8999999999979025
,_result,0,2026-01-29T19:43:00Z,2.4999999999977263
,_result,0,2026-01-29T19:44:00Z,-3.6999999999984823
,_result,0,2026-01-29T19:45:00Z,-0.6999999999983686
,_result,0,2026-01-29T19:46:00Z,2.69999999999726
,_result,0,2026-01-29T19:47:00Z,-1.0999999999974364
,_result,0,2026-01-29T19:48:00Z,-1.300000000000523
,_result,0,2026-01-29T19:49:00Z,-0.39999999999906777
,_result,0,2026-01-29T19:50:00Z,0.2999999999993008
,_result,0,2026-01-29T19:51:00Z,2.80000000000058
,_result,0,2026-01-29T19:52:00Z,1.3999999999967372
,_result,0,2026-01-29T19:53:00Z,0.4000000000026205
,_result,0,2026-01-29T19:54:00Z,1.5000000000000568
,_result,0,2026-01-29T19:55:00Z,3.3999999999991815
,_result,0,2026-01-29T19:56:00Z,-0.4999999999988347
,_result,0,2026-01-29T19:57:00Z,0.19999999999953388
,_result,0,2026-01-29T19:58:00Z,-0.2999999999993008
,_result,0,2026-01-29T19:59:00Z,1.5999999999998238
,_result,0,2026-01-29T20:00:00Z,0.6999999999983686
,_result,0,2026-01-29T20:01:00Z,2.600000000001046
,_result,0,2026-01-29T20:02:00Z,-0.6000000000021544
,_result,0,2026-01-29T20:03:00Z,1.8000000000029104
,_result,0,2026-01-29T20:04:00Z,2.0999999999986585
,_result,0,2026-01-29T20:05:00Z,-0.09999999999976694
,_result,0,2026-01-29T20:06:00Z,-2.100000000002211
,_result,0,2026-01-29T20:07:00Z,-2.1999999999984254
,_result,0,2026-01-29T20:08:00Z,-1.0000000000012221
,_result,0,2026-01-29T20:09:00Z,-0.19999999999953388
,_result,0,2026-01-29T20:10:00Z,2.0000000000024443
,_result,0,2026-01-29T20:11:00Z,1.1999999999972033
,_result,0,2026-01-29T20:12:00Z,0.4000000000026205
,_result,0,2026-01-29T20:13:00Z,0.19999999999953388
,_result,0,2026-01-29T20:14:00Z,0.7999999999981355
,_result,0,2026-01-29T20:15:00Z,-0.39999999999906777
,_result,0,2026-01-29T20:16:00Z,-1.0000000000012221
,_result,0,2026-01-29T20:17:00Z,2.700000000000813
,_result,0,2026-01-29T20:18:00Z,4.5000000000001705
,_result,0,2026-01-29T20:19:00Z,0.39999999999906777
,_result,0,2026-01-29T20:20:00Z,1.9000000000026773
,_result,0,2026-01-29T20:21:00Z,3.1999999999996476
,_result,0,2026-01-29T20:22:00Z,3.7999999999982492
,_result,0,2026-01-29T20:23:00Z,3.0000000000001137
,_result,0,2026-01-29T20:24:00Z,1.40000000000029
,_result,0,2026-01-29T20:25:00Z,0.7000000000019213
,_result,0,2026-01-29T20:26:00Z,0.19999999999953388
,_result,0,2026-01-29T20:27:00Z,1.6999999999995907
,_result,0,2026-01-29T20:28:00Z,-4.20000000000087
,_result,0,2026-01-29T20:29:00Z,-1.100000000000989
,_result,0,2026-01-29T20:30:00Z,0
,_result,0,2026-01-29T20:31:00Z,0.19999999999953388
,_result,0,2026-01-29T20:32:00Z,-0.7999999999981355
,_result,0,2026-01-29T20:33:00Z,-1.200000000000756
,_result,0,2026-01-29T20:34:00Z,-1.100000000000989
,_result,0,2026-01-29T20:35:00Z,-0.6999999999983686
,_result,0,2026-01-29T20:36:00Z,-1.5000000000000568
,_result,0,2026-01-29T20:37:00Z,0.4999999999988347
,_result,0,2026-01-29T20:38:00Z,0.4000000000026205
,_result,0,2026-01-29T20:39:00Z,1.1999999999972033
,_result,0,2026-01-29T20:40:00Z,2.100000000002211
,_result,0,2026-01-29T20:41:00Z,-0.09999999999976694
,_result,0,2026-01-29T20:42:00Z,0
,_result,0,2026-01-29T20:43:00Z,3.7999999999982492
,_result,0,2026-01-29T20:44:00Z,-1.9999999999988916
,_result,0,2026-01-29T20:45:00Z,0.09999999999976694
,_result,0,2026-01-29T20:46:00Z,2.2999999999981924
,_result,0,2026-01-29T20:47:00Z,2.100000000002211
,_result,0,2026-01-29T20:48:00Z,-1.6999999999995907
,_result,0,2026-01-29T20:49:00Z,-0.7000000000019213
,_result,0,2026-01-29T20:50:00Z,-0.19999999999953388
,_result,0,2026-01-29T20:51:00Z,1.6999999999995907
,_result,0,2026-01-29T20:52:00Z,3.0000000000001137
,_result,0,2026-01-29T20:53:00Z,-0.5999999999986017
,_result,0,2026-01-29T20:54:00Z,-1.5000000000000568
,_result,0,2026-01-29T20:55:00Z,-0.39999999999906777
,_result,0,2026-01-29T20:56:00Z,2.599999999997493
,_result,0,2026-01-29T20:57:00Z,-0.6999999999983686
,_result,0,2026-01-29T20:58:00Z,-0.19999999999953388
,_result,0,2026-01-29T20:59:00Z,2.9000000000003467
,_result,0,2026-01-29T21:00:00Z,2.899999999996794
,_result,0,2026-01-29T21:01:00Z,3.2000000000032003
,_result,0,2026-01-29T21:02:00Z,0.2999999999993008
,_result,0,2026-01-29T21:03:00Z,-4.699999999999704
,_result,0,2026-01-29T21:04:00Z,0.19999999999953388
,_result,0,2026-01-29T21:05:00Z,-0.6000000000021544
,_result,0,2026-01-29T21:06:00Z,-0.8999999999979025
,_result,0,2026-01-29T21:07:00Z,-1.5000000000000568
,_result,0,2026-01-29T21:08:00Z,-2.80000000000058
,_result,0,2026-01-29T21:09:00Z,-0.8000000000016882
,_result,0,2026-01-29T21:10:00Z,-2.0999999999986585
,_result,0,2026-01-29T21:11:00Z,-0.7999999999981355
,_result,0,2026-01-29T21:12:00Z,-0.2000000000030866
,_result,0,2026-01-29T21:13:00Z,1.0000000000012221
,_result,0,2026-01-29T21:14:00Z,-0.7999999999981355
,_result,0,2026-01-29T21:15:00Z,1.1999999999972033
,_result,0,2026-01-29T21:16:00Z,-2.4999999999977263
,_result,0,2026-01-29T21:17:00Z,0.19999999999953388
,_result,0,2026-01-29T21:18:00Z,1.40000000000029
,_result,0,2026-01-29T21:19:00Z,0.09999999999976694
,_result,0,2026-01-29T21:20:00Z,-1.7999999999993577
,_result,0,2026-01-29T21:21:00Z,-0.5000000000023874
,_result,0,2026-01-29T21:22:00Z,2.400000000001512
,_result,0,2026-01-29T21:23:00Z,-0.19999999999953388
,_result,0,2026-01-29T21:24:00Z,0.6999999999983686
,_result,0,2026-01-29T21:25:00Z,-0.9999999999976694
,_result,0,2026-01-29T21:26:00Z,-1.100000000000989
,_result,0,2026-01-29T21:27:00Z,-0.39999999999906777
,_result,0,2026-01-29T21:28:00Z,-0.30000000000285354
,_result,0,2026-01-29T21:29:00Z,0.19999999999953388
,_result,0,2026-01-29T21:30:00Z,-1.4999999999965041
,_result,0,2026-01-29T21:31:00Z,-0.8000000000016882
,_result,0,2026-01-29T21:32:00Z,-2.0999999999986585
,_result,0,2026-01-29T21:33:00Z,-2.0000000000024443
,_result,0,2026-01-29T21:34:00Z,0.8000000000016882
,_result,0,2026-01-29T21:35:00Z,1.5000000000000568
,_result,0,2026-01-29T21:36:00Z,1.100000000000989
,_result,0,2026-01-29T21:37:00Z,-0.6000000000021544
,_result,0,2026-01-29T21:38:00Z,-1.200000000000756
,_result,0,2026-01-29T21:39:00Z,-0.2999999999993008
,_result,0,2026-01-29T21:40:00Z,-0.09999999999976694
,_result,0,2026-01-29T21:41:00Z,-0.2999999999993008
,_result,0,2026-01-29T21:42:00Z,3.6999999999984823
,_result,0,2026-01-29T21:43:00Z,1.5000000000000568
,_result,0,2026-01-29T21:44:00Z,0.09999999999976694
,_result,0,2026-01-29T21:45:00Z,2.200000000001978
,_result,0,2026-01-29T21:46:00Z,1.100000000000989
,_result,0,2026-01-29T21:47:00Z,0.2999999999993008
,_result,0,2026-01-29T21:48:00Z,-1.6999999999995907
,_result,0,2026-01-29T21:49:00Z,-1.300000000000523
,_result,0,2026-01-29T21:50:00Z,1.200000000000756
,_result,0,2026-01-29T21:51:00Z,-0.8000000000016882
,_result,0,2026-01-29T21:52:00Z,-1.5999999999998238
,_result,0,2026-01-29T21:53:00Z,0
,_result,0,2026-01-29T21:54:00Z,0.4999999999988347
,_result,0,2026-01-29T21:55:00Z,0.4000000000026205
,_result,0,2026-01-29T21:56:00Z,0.8999999999979025
,_result,0,2026-01-29T21:57:00Z,0.4999999999988347
,_result,0,2026-01-29T21:58:00Z,-1.7999999999993577
,_result,0,2026-01-29T21:59:00Z,0.8000000000016882
,_result,0,2026-01-29T22:00:00Z,-1.100000000000989
,_result,0,2026-01-29T22:01:00Z,-0.09999999999976694
,_result,0,2026-01-29T22:02:00Z,1.0000000000012221
,_result,0,2026-01-29T22:03:00Z,-0.30000000000285354
,_result,0,2026-01-29T22:04:00Z,1.6000000000033765
,_result,0,2026-01-29T22:05:00Z,-1.8000000000029104
,_result,0,2026-01-29T22:06:00Z,-0.09999999999976694
,_result,0,2026-01-29T22:07:00Z,0.2999999999993008
,_result,0,2026-01-29T22:08:00Z,0.10000000000331966
,_result,0,2026-01-29T22:09:00Z,-1.9000000000026773
,_result,0,2026-01-29T22:10:00Z,0.30000000000285354
,_result,0,2026-01-29T22:11:00Z,-2.0000000000024443
,_result,0,2026-01-29T22:12:00Z,1.200000000000756
,_result,0,2026-01-29T22:13:00Z,-0.19999999999953388
,_result,0,2026-01-29T22:14:00Z,-0.4999999999988347
,_result,0,2026-01-29T22:15:00Z,-0.2000000000030866
,_result,0,2026-01-29T22:16:00Z,-0.2999999999993008
,_result,0,2026-01-29T22:17:00Z,-0.09999999999976694
,_result,0,2026-01-29T22:18:00Z,0.9000000000014552
,_result,0,2026-01-29T22:19:00Z,0.09999999999976694
,_result,0,2026-01-29T22:20:00Z,0.5999999999986017
,_result,0,2026-01-29T22:21:00Z,0.6000000000021544
,_result,0,2026-01-29T22:22:00Z,0.2999999999993008
,_result,0,2026-01-29T22:23:00Z,0.09999999999976694
,_result,0,2026-01-29T22:24:00Z,-2.200000000001978
,_result,0,2026-01-29T22:27:00Z,0.8000000000016882
,_result,0,2026-01-29T22:28:00Z,0.7999999999981355
,_result,0,2026-01-29T22:29:00Z,0.8000000000016882
,_result,0,2026-01-29T22:30:00Z,0.2999999999993008
,_result,0,2026-01-29T22:31:00Z,-0.6999999999983686
,_result,0,2026-01-29T22:32:00Z,-2.0000000000024443
,_result,0,2026-01-29T22:33:00Z,0.6000000000021544
,_result,0,2026-01-29T22:34:00Z,-0.9000000000014552
,_result,0,2026-01-29T22:35:00Z,0.39999999999906777
,_result,0,2026-01-29T22:36:00Z,-1.5000000000000568
,_result,0,2026-01-29T22:37:00Z,-0.4999999999988347
,_result,0,2026-01-29T22:38:00Z,0
,_result,0,2026-01-29T22:39:00Z,0.9000000000014552
,_result,0,2026-01-29T22:40:00Z,0.4999999999988347
,_result,0,2026-01-29T22:41:00Z,1.0000000000012221
,_result,0,2026-01-29T22:42:00Z,-0.6000000000021544
,_result,0,2026-01-29T22:43:00Z,0.9000000000014552
,_result,0,2026-01-29T22:44:00Z,-0.4999999999988347
,_result,0,2026-01-29T22:45:00Z,0.4999999999988347
,_result,0,2026-01-29T22:46:00Z,-0.09999999999976694
,_result,0,2026-01-29T22:47:00Z,-1.5000000000000568
,_result,0,2026-01-29T22:48:00Z,0
,_result,0,2026-01-29T22:49:00Z,-0.7000000000019213
,_result,0,2026-01-29T22:50:00Z,-1.40000000000029
,_result,0,2026-01-29T22:51:00Z,-1.2999999999969702
,_result,0,2026-01-29T22:52:00Z,-0.6000000000021544
,_result,0,2026-01-29T22:53:00Z,-0.6999999999983686
,_result,0,2026-01-29T22:54:00Z,-1.100000000000989
,_result,0,2026-01-29T22:55:00Z,-0.7999999999981355
,_result,0,2026-01-29T22:56:00Z,-1.100000000000989
,_result,0,2026-01-29T22:57:00Z,-0.6000000000021544
,_result,0,2026-01-29T22:58:00Z,-2.0999999999986585
,_result,0,2026-01-29T22:59:00Z,-0.7999999999981355
,_result,0,2026-01-29T23:00:00Z,-0.8000000000016882
,_result,0,2026-01-29T23:01:00Z,-0.5999999999986017
,_result,0,2026-01-29T23:02:00Z,-0.30000000000285354
,_result,0,2026-01-29T23:03:00Z,-0.4999999999988347
,_result,0,2026-01-29T23:04:00Z,0.4999999999988347
,_result,0,2026-01-29T23:05:00Z,-0.2999999999993008
,_result,0,2026-01-29T23:06:00Z,0.19999999999953388
,_result,0,2026-01-29T23:07:00Z,0.30000000000285354
,_result,0,2026-01-29T23:08:00Z,-0.2000000000030866
,_result,0,2026-01-29T23:09:00Z,0.5000000000023874
,_result,0,2026-01-29T23:10:00Z,0.19999999999953388
,_result,0,2026-01-29T23:11:00Z,0.09999999999976694
,_result,0,2026-01-29T23:12:00Z,1.9999999999988916
,_result,0,2026-01-29T23:13:00Z,1.300000000000523
,_result,0,2026-01-29T23:14:00Z,0.2999999999993008
,_result,0,2026-01-29T23:15:00Z,-0.39999999999906777
,_result,0,2026-01-29T23:16:00Z,0.09999999999976694
,_result,0,2026-01-29T23:17:00Z,-0.09999999999976694
,_result,0,2026-01-29T23:18:00Z,0
,_result,0,2026-01-29T23:19:00Z,-0.19999999999953388
,_result,0,2026-01-29T23:20:00Z,-1.100000000000989
,_result,0,2026-01-29T23:21:00Z,-1.5000000000000568
,_result,0,2026-01-29T23:22:00Z,-0.4999999999988347
,_result,0,2026-01-29T23:23:00Z,0.19999999999953388
,_result,0,2026-01-29T23:24:00Z,-1.0000000000012221
,_result,0,2026-01-29T23:25:00Z,0
,_result,0,2026-01-29T23:26:00Z,0
,_result,0,2026-01-29T23:27:00Z,0.09999999999976694
,_result,0,2026-01-29T23:28:00Z,-0.4999999999988347
,_result,0,2026-01-29T23:29:00Z,-0.2999999999993008
,_result,0,2026-01-29T23:30:00Z,1.9999999999988916
,_result,0,2026-01-29T23:31:00Z,2.700000000000813
,_result,0,2026-01-29T23:32:00Z,1.7999999999993577
,_result,0,2026-01-29T23:33:00Z,1.300000000000523
,_result,0,2026-01-29T23:34:00Z,1.100000000000989
,_result,0,2026-01-29T23:35:00Z,0.39999999999906777
,_result,0,2026-01-29T23:36:00Z,0.09999999999976694
,_result,0,2026-01-29T23:37:00Z,1.5999999999998238
,_result,0,2026-01-29T23:38:00Z,1.6999999999995907
,_result,0,2026-01-29T23:39:00Z,0.19999999999953388
,_result,0,2026-01-29T23:40:00Z,0.8000000000016882
,_result,0,2026-01-29T23:41:00Z,0.5999999999986017
,_result,0,2026-01-29T23:42:00Z,-0.4999999999988347
,_result,0,2026-01-29T23:43:00Z,-0.5999999999986017
,_result,0,2026-01-29T23:44:00Z,1.5000000000000568
,_result,0,2026-01-29T23:45:00Z,-1.5000000000000568
,_result,0,2026-01-29T23:46:00Z,-1.40000000000029
,_result,0,2026-01-29T23:47:00Z,-1.9000000000026773
,_result,0,2026-01-29T23:48:00Z,-0.2999999999993008
,_result,0,2026-01-29T23:49:00Z,-0.8999999999979025
,_result,0,2026-01-29T23:50:00Z,0.39999999999906777
,_result,0,2026-01-29T23:51:00Z,-0.2999999999993008
,_result,0,2026-01-29T23:52:00Z,-0.9000000000014552
,_result,0,2026-01-29T23:53:00Z,0
,_result,0,2026-01-29T23:54:00Z,0.2999999999993008
,_result,0,2026-01-29T23:55:00Z,-0.19999999999953388
,_result,0,2026-01-29T23:56:00Z,0.09999999999976694
,_result,0,2026-01-29T23:57:00Z,-0.9999999999976694
,_result,0,2026-01-29T23:58:00Z,-1.300000000000523
,_result,0,2026-01-29T23:59:00Z,-0.7000000000019213
,_result,0,2026-01-30T00:00:00Z,-0.5999999999986017
,_result,0,2026-01-30T00:01:00Z,-1.6999999999995907
,_result,0,2026-01-30T00:02:00Z,-0.7000000000019213
,_result,0,2026-01-30T00:03:00Z,-0.09999999999976694
,_result,0,2026-01-30T00:04:00Z,-1.200000000000756
,_result,0,2026-01-30T00:05:00Z,-1.6999999999995907
,_result,0,2026-01-30T00:06:00Z,-1.0999999999974364
,_result,0,2026-01-30T00:07:00Z,-0.2000000000030866
,_result,0,2026-01-30T00:08:00Z,-0.4999999999988347
,_result,0,2026-01-30T00:09:00Z,-0.4999999999988347
,_result,0,2026-01-30T00:10:00Z,0.4999999999988347
,_result,0,2026-01-30T00:11:00Z,0.7000000000019213
,_result,0,2026-01-30T00:12:00Z,0.2999999999993008
,_result,0,2026-01-30T00:13:00Z,0.39999999999906777
,_result,0,2026-01-30T00:14:00Z,0.19999999999953388
,_result,0,2026-01-30T00:15:00Z,0.6000000000021544
,_result,0,2026-01-30T00:16:00Z,0.7999999999981355
,_result,0,2026-01-30T00:17:00Z,0.5999999999986017
,_result,0,2026-01-30T00:18:00Z,0.5000000000023874
,_result,0,2026-01-30T00:19:00Z,0.7999999999981355
,_result,0,2026-01-30T00:20:00Z,1.100000000000989
,_result,0,2026-01-30T00:21:00Z,-0.09999999999976694
,_result,0,2026-01-30T00:22:00Z,0.6999999999983686
,_result,0,2026-01-30T00:23:00Z,0.30000000000285354
,_result,0,2026-01-30T11:17:00Z,-3.900000000001569
,_result,0,2026-01-30T11:18:00Z,-0.7999999999981355
,_result,0,2026-01-30T11:19:00Z,-0.7000000000019213
,_result,0,2026-01-30T11:20:00Z,-0.7999999999981355
,_result,0,2026-01-30T11:21:00Z,-0.8000000000016882
,_result,0,2026-01-30T11:22:00Z,0.30000000000285354
,_result,0,2026-01-30T11:23:00Z,-0.9000000000014552
,_result,0,2026-01-30T11:24:00Z,-0.6999999999983686
,_result,0,2026-01-30T11:25:00Z,0.19999999999953388
,_result,0,2026-01-30T11:26:00Z,0.6999999999983686
,_result,0,2026-01-30T11:27:00Z,0.4999999999988347
,_result,0,2026-01-30T11:28:00Z,0.9000000000014552
,_result,0,2026-01-30T11:29:00Z,-0.5999999999986017
,_result,0,2026-01-30T11:30:00Z,-1.0000000000012221
,_result,0,2026-01-30T11:31:00Z,-0.09999999999976694
,_result,0,2026-01-30T11:32:00Z,0.39999999999906777
,_result,0,2026-01-30T11:33:00Z,1.7999999999993577
,_result,0,2026-01-30T11:34:00Z,0
,_result,0,2026-01-30T11:35:00Z,-0.6999999999983686
,_result,0,2026-01-30T11:36:00Z,0.2999999999993008
,_result,0,2026-01-30T11:37:00Z,2.600000000001046
,_result,0,2026-01-30T11:38:00Z,-0.09999999999976694
,_result,0,2026-01-30T11:39:00Z,-1.9000000000026773
,_result,0,2026-01-30T11:40:00Z,-1.5000000000000568
,_result,0,2026-01-30T11:41:00Z,0.30000000000285354
,_result,0,2026-01-30T11:42:00Z,0.6999999999983686
,_result,0,2026-01-30T11:43:00Z,0.09999999999976694
,_result,0,2026-01-30T11:44:00Z,1.100000000000989
,_result,0,2026-01-30T11:45:00Z,-1.8999999999991246
,_result,0,2026-01-30T11:46:00Z,-0.5000000000023874
,_result,0,2026-01-30T11:47:00Z,0.6000000000021544
,_result,0,2026-01-30T11:48:00Z,0.39999999999906777
,_result,0,2026-01-30T11:49:00Z,0.5999999999986017
,_result,0,2026-01-30T11:50:00Z,-3.0000000000001137
,_result,0,2026-01-30T11:51:00Z,-0.39999999999906777
,_result,0,2026-01-30T11:52:00Z,0.39999999999906777
,_result,0,2026-01-30T11:53:00Z,-0.2999999999993008
,_result,0,2026-01-30T11:54:00Z,-1.7999999999993577
,_result,0,2026-01-30T11:55:00Z,1.40000000000029
,_result,0,2026-01-30T11:56:00Z,-0.9000000000014552
,_result,0,2026-01-30T11:57:00Z,1.300000000000523
,_result,0,2026-01-30T11:58:00Z,0.19999999999953388
,_result,0,2026-01-30T11:59:00Z,1.200000000000756
,_result,0,2026-01-30T12:00:00Z,-0.6999999999983686
,_result,0,2026-01-30T12:01:00Z,0.39999999999906777
,_result,0,2026-01-30T12:02:00Z,1.7999999999993577
,_result,0,2026-01-30T12:03:00Z,2.9000000000003467
,_result,0,2026-01-30T12:04:00Z,0.4999999999988347
,_result,0,2026-01-30T12:05:00Z,0
,_result,0,2026-01-30T12:06:00Z,0.2000000000030866
,_result,0,2026-01-30T12:07:00Z,-1.6000000000033765
,_result,0,2026-01-30T12:08:00Z,-2.0999999999986585
,_result,0,2026-01-30T12:09:00Z,0.39999999999906777
,_result,0,2026-01-30T12:10:00Z,-1.40000000000029
,_result,0,2026-01-30T12:11:00Z,0.4000000000026205
,_result,0,2026-01-30T12:12:00Z,3.5999999999987153
,_result,0,2026-01-30T12:13:00Z,-1.0000000000012221
,_result,0,2026-01-30T12:14:00Z,0.30000000000285354
,_result,0,2026-01-30T12:15:00Z,-0.6000000000021544
,_result,0,2026-01-30T12:16:00Z,0
,_result,0,2026-01-30T12:17:00Z,3.0000000000001137
,_result,0,2026-01-30T12:18:00Z,1.8999999999991246
,_result,0,2026-01-30T12:19:00Z,-0.9999999999976694
,_result,0,2026-01-30T12:20:00Z,-0.6000000000021544
,_result,0,2026-01-30T12:21:00Z,0.8000000000016882
,_result,0,2026-01-30T12:22:00Z,0.09999999999976694
,_result,0,2026-01-30T12:23:00Z,1.7999999999993577
,_result,0,2026-01-30T12:24:00Z,-0.39999999999906777
,_result,0,2026-01-30T12:25:00Z,0.19999999999953388
,_result,0,2026-01-30T12:26:00Z,-1.7999999999993577
,_result,0,2026-01-30T12:27:00Z,-0.9000000000014552
,_result,0,2026-01-30T12:28:00Z,-0.39999999999906777
,_result,0,2026-01-30T12:29:00Z,0.9000000000014552
,_result,0,2026-01-30T12:30:00Z,0.19999999999953388
,_result,0,2026-01-30T12:31:00Z,2.4999999999977263
,_result,0,2026-01-30T12:32:00Z,-0.09999999999976694
,_result,0,2026-01-30T12:33:00Z,0.5000000000023874
,_result,0,2026-01-30T12:34:00Z,0
,_result,0,2026-01-30T12:35:00Z,-1.40000000000029
,_result,0,2026-01-30T12:36:00Z,2.0999999999986585
,_result,0,2026-01-30T12:37:00Z,2.600000000001046
,_result,0,2026-01-30T12:38:00Z,0.5999999999986017
,_result,0,2026-01-30T12:39:00Z,1.9999999999988916
,_result,0,2026-01-30T12:40:00Z,-0.8999999999979025
,_result,0,2026-01-30T12:41:00Z,-1.7999999999993577
,_result,0,2026-01-30T12:42:00Z,1.7999999999993577
,_result,0,2026-01-30T12:43:00Z,1.40000000000029
,_result,0,2026-01-30T12:44:00Z,-0.09999999999976694
,_result,0,2026-01-30T12:45:00Z,1.300000000000523
,_result,0,2026-01-30T12:46:00Z,-1.200000000000756
,_result,0,2026-01-30T12:47:00Z,1.200000000000756
,_result,0,2026-01-30T12:48:00Z,0.6999999999983686
,_result,0,2026-01-30T12:49:00Z,-0.2999999999993008
,_result,0,2026-01-30T12:50:00Z,-0.8000000000016882
,_result,0,2026-01-30T12:51:00Z,-1.40000000000029
,_result,0,2026-01-30T12:52:00Z,1.5999999999998238
,_result,0,2026-01-30T12:53:00Z,1.8000000000029104
,_result,0,2026-01-30T12:54:00Z,-2.100000000002211
,_result,0,2026-01-30T12:55:00Z,1.7999999999993577
,_result,0,2026-01-30T12:56:00Z,2.300000000001745
,_result,0,2026-01-30T12:57:00Z,0.39999999999906777
,_result,0,2026-01-30T12:58:00Z,-2.9000000000003467
,_result,0,2026-01-30T12:59:00Z,0.5000000000023874
,_result,0,2026-01-30T13:00:00Z,1.1999999999972033
,_result,0,2026-01-30T13:01:00Z,0.4000000000026205
,_result,0,2026-01-30T13:02:00Z,-1.200000000000756
,_result,0,2026-01-30T13:03:00Z,-0.09999999999976694
,_result,0,2026-01-30T13:04:00Z,1.6999999999995907
,_result,0,2026-01-30T13:05:00Z,0.2999999999993008
,_result,0,2026-01-30T13:06:00Z,-1.200000000000756
,_result,0,2026-01-30T13:07:00Z,0.19999999999953388
,_result,0,2026-01-30T13:08:00Z,-1.3999999999967372
,_result,0,2026-01-30T13:09:00Z,-0.4000000000026205
,_result,0,2026-01-30T13:10:00Z,3.500000000002501
,_result,0,2026-01-30T13:11:00Z,1.5000000000000568
,_result,0,2026-01-30T13:12:00Z,-1.300000000000523
,_result,0,2026-01-30T13:13:00Z,-1.200000000000756
,_result,0,2026-01-30T13:14:00Z,0.9000000000014552
,_result,0,2026-01-30T13:15:00Z,1.5000000000000568
,_result,0,2026-01-30T13:16:00Z,-0.5000000000023874
,_result,0,2026-01-30T13:17:00Z,1.200000000000756
,_result,0,2026-01-30T13:18:00Z,0.5999999999986017
,_result,0,2026-01-30T13:19:00Z,-0.9999999999976694
,_result,0,2026-01-30T13:20:00Z,-0.7000000000019213
,_result,0,2026-01-30T13:21:00Z,-0.5999999999986017
,_result,0,2026-01-30T13:22:00Z,1.100000000000989
,_result,0,2026-01-30T13:23:00Z,2.3999999999979593
,_result,0,2026-01-30T13:24:00Z,-0.4999999999988347
,_result,0,2026-01-30T13:25:00Z,1.5000000000000568
,_result,0,2026-01-30T13:26:00Z,-0.19999999999953388
,_result,0,2026-01-30T13:27:00Z,0.4999999999988347
,_result,0,2026-01-30T13:28:00Z,-1.0000000000012221
,_result,0,2026-01-30T13:29:00Z,-1.5999999999998238
,_result,0,2026-01-30T13:30:00Z,-1.40000000000029
,_result,0,2026-01-30T13:31:00Z,-0.09999999999976694
,_result,0,2026-01-30T13:32:00Z,2.100000000002211
,_result,0,2026-01-30T13:33:00Z,-1.100000000000989
,_result,0,2026-01-30T13:34:00Z,-1.200000000000756
,_result,0,2026-01-30T13:35:00Z,1.8999999999991246
,_result,0,2026-01-30T13:36:00Z,1.100000000000989
,_result,0,2026-01-30T13:37:00Z,-0.39999999999906777
,_result,0,2026-01-30T13:38:00Z,-0.09999999999976694
,_result,0,2026-01-30T13:39:00Z,1.7999999999993577
,_result,0,2026-01-30T13:40:00Z,0.19999999999953388
,_result,0,2026-01-30T13:41:00Z,-0.4999999999988347
,_result,0,2026-01-30T13:42:00Z,-1.40000000000029
,_result,0,2026-01-30T13:43:00Z,-0.2999999999993008
,_result,0,2026-01-30T13:44:00Z,1.0999999999974364
,_result,0,2026-01-30T13:45:00Z,1.100000000000989
,_result,0,2026-01-30T13:46:00Z,-1.5999999999998238
,_result,0,2026-01-30T13:47:00Z,2.700000000000813
,_result,0,2026-01-30T13:48:00Z,-0.39999999999906777
,_result,0,2026-01-30T13:49:00Z,0.19999999999953388
,_result,0,2026-01-30T13:50:00Z,-1.100000000000989
,_result,0,2026-01-30T13:51:00Z,0.9000000000014552
,_result,0,2026-01-30T13:52:00Z,-1.40000000000029
,_result,0,2026-01-30T13:53:00Z,-0.4000000000026205
,_result,0,2026-01-30T13:54:00Z,0.2000000000030866
,_result,0,2026-01-30T13:55:00Z,0.5999999999986017
,_result,0,2026-01-30T13:56:00Z,0.19999999999953388
,_result,0,2026-01-30T13:57:00Z,0.19999999999953388
,_result,0,2026-01-30T13:58:00Z,-0.7999999999981355
,_result,0,2026-01-30T13:59:00Z,-0.30000000000285354
,_result,0,2026-01-30T14:00:00Z,1.100000000000989
,_result,0,2026-01-30T14:01:00Z,0.8000000000016882
,_result,0,2026-01-30T14:02:00Z,-0.7000000000019213
,_result,0,2026-01-30T14:03:00Z,1.6999999999995907
,_result,0,2026-01-30T14:04:00Z,-0.4999999999988347
,_result,0,2026-01-30T14:05:00Z,-3.0999999999998806
,_result,0,2026-01-30T14:06:00Z,-2.0999999999986585
,_result,0,2026-01-30T14:07:00Z,5.90000000000046
,_result,0,2026-01-30T14:08:00Z,4.199999999997317
,_result,0,2026-01-30T14:09:00Z,-1.9999999999988916
,_result,0,2026-01-30T14:10:00Z,-1.0000000000012221
,_result,0,2026-01-30T14:11:00Z,1.200000000000756
,_result,0,2026-01-30T14:12:00Z,-1.0000000000012221
,_result,0,2026-01-30T14:13:00Z,0.9000000000014552
,_result,0,2026-01-30T14:14:00Z,-0.9000000000014552
,_result,0,2026-01-30T14:15:00Z,0.7000000000019213
,_result,0,2026-01-30T14:16:00Z,0.7999999999981355
,_result,0,2026-01-30T14:17:00Z,-1.1999999999972033
,_result,0,2026-01-30T14:18:00Z,-0.30000000000285354
,_result,0,2026-01-30T14:19:00Z,0.09999999999976694
,_result,0,2026-01-30T14:20:00Z,0.9000000000014552
,_result,0,2026-01-30T14:21:00Z,1.100000000000989
,_result,0,2026-01-30T14:22:00Z,-0.09999999999976694
,_result,0,2026-01-30T14:23:00Z,-0.7000000000019213
,_result,0,2026-01-30T14:24:00Z,-0.09999999999976694
,_result,0,2026-01-30T14:25:00Z,0.9000000000014552
,_result,0,2026-01-30T14:26:00Z,0.5999999999986017
,_result,0,2026-01-30T14:27:00Z,-0.8999999999979025
,_result,0,2026-01-30T14:28:00Z,-2.700000000000813
,_result,0,2026-01-30T14:29:00Z,3.2999999999994145
,_result,0,2026-01-30T14:30:00Z,-1.5000000000000568
,_result,0,2026-01-30T14:31:00Z,-2.2999999999981924
,_result,0,2026-01-30T14:32:00Z,1.2999999999969702
,_result,0,2026-01-30T14:33:00Z,-0.19999999999953388
,_result,0,2026-01-30T14:34:00Z,-1.0999999999974364
,_result,0,2026-01-30T14:35:00Z,2.3999999999979593
,_result,0,2026-01-30T14:36:00Z,2.300000000001745
,_result,0,2026-01-30T14:37:00Z,-1.100000000000989
,_result,0,2026-01-30T14:38:00Z,0.4999999999988347
,_result,0,2026-01-30T14:39:00Z,0.19999999999953388
,_result,0,2026-01-30T14:40:00Z,0.30000000000285354
,_result,0,2026-01-30T14:41:00Z,-0.8000000000016882
,_result,0,2026-01-30T14:42:00Z,-3.0000000000001137
,_result,0,2026-01-30T14:43:00Z,0.9000000000014552
,_result,0,2026-01-30T14:44:00Z,3.3999999999991815
,_result,0,2026-01-30T14:45:00Z,0.39999999999906777
,_result,0,2026-01-30T14:46:00Z,1.40000000000029
,_result,0,2026-01-30T14:47:00Z,-1.100000000000989
,_result,0,2026-01-30T14:48:00Z,-0.6999999999983686
,_result,0,2026-01-30T14:49:00Z,-1.8999999999991246
,_result,0,2026-01-30T14:50:00Z,0.5999999999986017
,_result,0,2026-01-30T14:51:00Z,0.4999999999988347
,_result,0,2026-01-30T14:52:00Z,1.0000000000012221
,_result,0,2026-01-30T14:53:00Z,1.6999999999995907
,_result,0,2026-01-30T14:54:00Z,-0.5999999999986017
,_result,0,2026-01-30T14:55:00Z,-1.200000000000756
,_result,0,2026-01-30T14:56:00Z,-2.400000000001512
,_result,0,2026-01-30T14:57:00Z,-0.2999999999993008
,_result,0,2026-01-30T14:58:00Z,-0.39999999999906777
,_result,0,2026-01-30T14:59:00Z,0.7999999999981355
,_result,0,2026-01-30T15:00:00Z,0.2000000000030866
,_result,0,2026-01-30T15:01:00Z,1.5000000000000568
,_result,0,2026-01-30T15:02:00Z,1.1999999999972033
,_result,0,2026-01-30T15:03:00Z,-0.8999999999979025
,_result,0,2026-01-30T15:04:00Z,-1.300000000000523
,_result,0,2026-01-30T15:05:00Z,0.09999999999976694
,_result,0,2026-01-30T15:06:00Z,3.0000000000001137
,_result,0,2026-01-30T15:07:00Z,-0.09999999999976694
,_result,0,2026-01-30T15:08:00Z,1.9999999999988916
,_result,0,2026-01-30T15:09:00Z,-1.8999999999991246
,_result,0,2026-01-30T15:10:00Z,1.6999999999995907
,_result,0,2026-01-30T15:11:00Z,-0.2999999999993008
,_result,0,2026-01-30T15:12:00Z,0.19999999999953388
,_result,0,2026-01-30T15:13:00Z,0
,_result,0,2026-01-30T15:14:00Z,1.0000000000012221
,_result,0,2026-01-30T15:15:00Z,0
,_result,0,2026-01-30T15:16:00Z,-0.4000000000026205
,_result,0,2026-01-30T15:19:00Z,0.09999999999976694
,_result,0,2026-01-30T15:20:00Z,-1.200000000000756
,_result,0,2026-01-30T15:21:00Z,0.5000000000023874
,_result,0,2026-01-30T15:22:00Z,-0.5000000000023874
,_result,0,2026-01-30T15:23:00Z,1.5000000000000568
,_result,0,2026-01-30T15:24:00Z,0.2000000000030866
,_result,0,2026-01-30T15:25:00Z,1.0999999999974364
,_result,0,2026-01-30T15:26:00Z,1.200000000000756
,_result,0,2026-01-30T15:27:00Z,-1.0000000000012221
,_result,0,2026-01-30T15:28:00Z,0.8000000000016882
,_result,0,2026-01-30T15:29:00Z,0.2999999999993008
,_result,0,2026-01-30T15:30:00Z,0.19999999999953388
,_result,0,2026-01-30T15:31:00Z,-0.9999999999976694
,_result,0,2026-01-30T15:32:00Z,-1.0000000000012221
,_result,0,2026-01-30T15:33:00Z,-0.4999999999988347
,_result,0,2026-01-30T15:34:00Z,3.999999999997783
,_result,0,2026-01-30T15:35:00Z,0.8000000000016882
,_result,0,2026-01-30T15:36:00Z,-1.200000000000756
,_result,0,2026-01-30T15:37:00Z,-2.700000000000813
,_result,0,2026-01-30T15:38:00Z,0.6000000000021544
,_result,0,2026-01-30T15:39:00Z,-1.5999999999998238
,_result,0,2026-01-30T15:40:00Z,0.8999999999979025
,_result,0,2026-01-30T15:41:00Z,-0.9999999999976694
,_result,0,2026-01-30T15:42:00Z,0.2999999999993008
,_result,0,2026-01-30T15:43:00Z,0.9999999999976694
,_result,0,2026-01-30T15:44:00Z,0.6000000000021544
,_result,0,2026-01-30T15:45:00Z,-0.9000000000014552
,_result,0,2026-01-30T15:46:00Z,-1.40000000000029
,_result,0,2026-01-30T15:47:00Z,0
,_result,0,2026-01-30T15:48:00Z,-0.5999999999986017
,_result,0,2026-01-30T15:49:00Z,-1.40000000000029
,_result,0,2026-01-30T15:50:00Z,2.9000000000003467
,_result,0,2026-01-30T15:51:00Z,2.1999999999984254
,_result,0,2026-01-30T15:52:00Z,-1.1999999999972033
,_result,0,2026-01-30T15:53:00Z,-1.300000000000523
,_result,0,2026-01-30T15:54:00Z,-0.8000000000016882
,_result,0,2026-01-30T15:55:00Z,-2.2999999999981924
,_result,0,2026-01-30T15:56:00Z,0.4999999999988347
,_result,0,2026-01-30T15:57:00Z,0.7999999999981355
,_result,0,2026-01-30T15:58:00Z,1.40000000000029
,_result,0,2026-01-30T15:59:00Z,-1.5000000000000568
,_result,0,2026-01-30T16:00:00Z,1.5000000000000568
,_result,0,2026-01-30T16:01:00Z,-0.09999999999976694
,_result,0,2026-01-30T16:02:00Z,-1.6999999999995907
,_result,0,2026-01-30T16:03:00Z,2.300000000001745
,_result,0,2026-01-30T16:04:00Z,-0.5000000000023874
,_result,0,2026-01-30T16:05:00Z,0.8000000000016882
,_result,0,2026-01-30T16:06:00Z,-1.100000000000989
,_result,0,2026-01-30T16:07:00Z,0
,_result,0,2026-01-30T16:08:00Z,0
,_result,0,2026-01-30T16:09:00Z,1.300000000000523
,_result,0,2026-01-30T16:10:00Z,0.09999999999976694
,_result,0,2026-01-30T16:11:00Z,-1.6999999999995907
,_result,0,2026-01-30T16:12:00Z,0.39999999999906777
,_result,0,2026-01-30T16:13:00Z,1.0000000000012221
,_result,0,2026-01-30T16:14:00Z,-0.4999999999988347
,_result,0,2026-01-30T16:15:00Z,-0.7000000000019213
,_result,0,2026-01-30T16:16:00Z,0.6000000000021544
,_result,0,2026-01-30T16:17:00Z,0.9999999999976694
,_result,0,2026-01-30T16:18:00Z,0.5000000000023874
,_result,0,2026-01-30T16:19:00Z,1.6999999999995907
,_result,0,2026-01-30T16:20:00Z,-1.200000000000756
,_result,0,2026-01-30T16:21:00Z,-0.4999999999988347
,_result,0,2026-01-30T16:22:00Z,-0.10000000000331966
,_result,0,2026-01-30T16:23:00Z,-1.0999999999974364
,_result,0,2026-01-30T16:24:00Z,1.6999999999995907
,_result,0,2026-01-30T16:25:00Z,0.19999999999953388
,_result,0,2026-01-30T16:26:00Z,-1.6999999999995907
,_result,0,2026-01-30T16:27:00Z,-0.7000000000019213
,_result,0,2026-01-30T16:28:00Z,-0.4999999999988347
,_result,0,2026-01-30T16:29:00Z,-0.19999999999953388
,_result,0,2026-01-30T16:30:00Z,-0.9000000000014552
,_result,0,2026-01-30T16:31:00Z,-2.799999999997027
,_result,0,2026-01-30T16:32:00Z,2.0999999999986585
,_result,0,2026-01-30T16:33:00Z,1.7999999999993577
,_result,0,2026-01-30T16:34:00Z,-1.40000000000029
,_result,0,2026-01-30T16:35:00Z,0.4999999999988347
,_result,0,2026-01-30T16:36:00Z,2.0000000000024443
,_result,0,2026-01-30T16:37:00Z,1.7999999999993577
,_result,0,2026-01-30T16:38:00Z,-0.39999999999906777
,_result,0,2026-01-30T16:39:00Z,0.7999999999981355
,_result,0,2026-01-30T16:40:00Z,-0.39999999999906777
,_result,0,2026-01-30T16:41:00Z,-0.5999999999986017
,_result,0,2026-01-30T16:42:00Z,-0.09999999999976694
,_result,0,2026-01-30T16:43:00Z,0.2999999999993008
,_result,0,2026-01-30T16:44:00Z,0.4999999999988347
,_result,0,2026-01-30T16:45:00Z,0.9000000000014552
,_result,0,2026-01-30T16:46:00Z,-0.7000000000019213
,_result,0,2026-01-30T16:47:00Z,-0.7999999999981355
,_result,0,2026-01-30T16:48:00Z,-1.300000000000523
,_result,0,2026-01-30T16:49:00Z,1.200000000000756
,_result,0,2026-01-30T16:50:00Z,0.39999999999906777
,_result,0,2026-01-30T16:51:00Z,1.6999999999995907
,_result,0,2026-01-30T16:52:00Z,-1.5999999999998238
,_result,0,2026-01-30T16:53:00Z,-0.9000000000014552
,_result,0,2026-01-30T16:54:00Z,-0.8999999999979025
,_result,0,2026-01-30T16:55:00Z,0.7999999999981355
,_result,0,2026-01-30T16:56:00Z,0.4000000000026205
,_result,0,2026-01-30T16:57:00Z,-0.4000000000026205
,_result,0,2026-01-30T16:58:00Z,0.19999999999953388
,_result,0,2026-01-30T16:59:00Z,0
,_result,0,2026-01-30T17:00:00Z,-1.2999999999969702
,_result,0,2026-01-30T17:01:00Z,0.9999999999976694
,_result,0,2026-01-30T17:02:00Z,0
,_result,0,2026-01-30T17:03:00Z,-1.40000000000029
,_result,0,2026-01-30T17:04:00Z,0.5000000000023874
,_result,0,2026-01-30T17:05:00Z,-0.5000000000023874
,_result,0,2026-01-30T17:06:00Z,1.40000000000029
,_result,0,2026-01-30T17:07:00Z,-0.4999999999988347
,_result,0,2026-01-30T17:08:00Z,0.7999999999981355
,_result,0,2026-01-30T17:09:00Z,3.400000000002734
,_result,0,2026-01-30T17:10:00Z,0.19999999999953388
,_result,0,2026-01-30T17:11:00Z,-1.8999999999991246
,_result,0,2026-01-30T17:12:00Z,2.69999999999726
,_result,0,2026-01-30T17:13:00Z,-1.5000000000000568
,_result,0,2026-01-30T17:14:00Z,-0.09999999999976694
,_result,0,2026-01-30T17:15:00Z,1.0000000000012221
,_result,0,2026-01-30T17:16:00Z,-0.9000000000014552
,_result,0,2026-01-30T17:17:00Z,0.7000000000019213
,_result,0,2026-01-30T17:18:00Z,-1.5000000000000568
,_result,0,2026-01-30T17:19:00Z,0.2999999999993008
,_result,0,2026-01-30T17:20:00Z,-0.8000000000016882
,_result,0,2026-01-30T17:21:00Z,-1.0999999999974364
,_result,0,2026-01-30T17:22:00Z,0.19999999999953388
,_result,0,2026-01-30T17:23:00Z,2.0999999999986585
,_result,0,2026-01-30T17:24:00Z,-1.300000000000523
,_result,0,2026-01-30T17:25:00Z,1.5000000000000568
,_result,0,2026-01-30T17:26:00Z,0
,_result,0,2026-01-30T17:27:00Z,0.19999999999953388
,_result,0,2026-01-30T17:28:00Z,-1.7999999999993577
,_result,0,2026-01-30T17:29:00Z,1.100000000000989
,_result,0,2026-01-30T17:30:00Z,-0.19999999999953388
,_result,0,2026-01-30T17:31:00Z,0.39999999999906777
,_result,0,2026-01-30T17:32:00Z,-0.4999999999988347
,_result,0,2026-01-30T17:33:00Z,1.100000000000989
,_result,0,2026-01-30T17:34:00Z,-0.2000000000030866
,_result,0,2026-01-30T17:35:00Z,-0.2999999999993008
,_result,0,2026-01-30T17:36:00Z,-0.39999999999906777
,_result,0,2026-01-30T17:37:00Z,0.7999999999981355
,_result,0,2026-01-30T17:38:00Z,0.10000000000331966
,_result,0,2026-01-30T17:39:00Z,0.6999999999983686
,_result,0,2026-01-30T17:40:00Z,-0.39999999999906777
,_result,0,2026-01-30T17:41:00Z,-1.200000000000756
,_result,0,2026-01-30T17:42:00Z,-1.300000000000523
,_result,0,2026-01-30T17:43:00Z,0.19999999999953388
,_result,0,2026-01-30T17:44:00Z,1.5999999999998238
,_result,0,2026-01-30T17:45:00Z,1.100000000000989
,_result,0,2026-01-30T17:46:00Z,-1.40000000000029
,_result,0,2026-01-30T17:47:00Z,0.4999999999988347
,_result,0,2026-01-30T17:48:00Z,-0.19999999999953388
,_result,0,2026-01-30T17:49:00Z,0.5000000000023874
,_result,0,2026-01-30T17:50:00Z,-0.8000000000016882
,_result,0,2026-01-30T17:51:00Z,-0.19999999999953388
,_result,0,2026-01-30T17:52:00Z,1.300000000000523
,_result,0,2026-01-30T17:53:00Z,-0.2999999999993008
,_result,0,2026-01-30T17:54:00Z,0.5999999999986017
,_result,0,2026-01-30T17:55:00Z,0
,_result,0,2026-01-30T17:56:00Z,0.39999999999906777
,_result,0,2026-01-30T17:57:00Z,-1.5000000000000568
,_result,0,2026-01-30T17:58:00Z,0.6000000000021544
,_result,0,2026-01-30T17:59:00Z,0.8999999999979025
,_result,0,2026-01-30T18:00:00Z,0.8000000000016882
,_result,0,2026-01-30T18:01:00Z,0
,_result,0,2026-01-30T18:02:00Z,-1.100000000000989
,_result,0,2026-01-30T18:03:00Z,-3.0999999999998806
,_result,0,2026-01-30T18:04:00Z,-1.300000000000523
,_result,0,2026-01-30T18:05:00Z,1.6999999999995907
,_result,0,2026-01-30T18:06:00Z,1.7999999999993577
,_result,0,2026-01-30T18:07:00Z,-0.19999999999953388
,_result,0,2026-01-30T18:08:00Z,0.5000000000023874
,_result,0,2026-01-30T18:09:00Z,0.2999999999993008
,_result,0,2026-01-30T18:10:00Z,-0.8000000000016882
,_result,0,2026-01-30T18:11:00Z,1.0000000000012221
,_result,0,2026-01-30T18:12:00Z,0.19999999999953388
,_result,0,2026-01-30T18:13:00Z,0.39999999999906777
,_result,0,2026-01-30T18:14:00Z,0
,_result,0,2026-01-30T18:15:00Z,0.09999999999976694
,_result,0,2026-01-30T18:16:00Z,0.8000000000016882
,_result,0,2026-01-30T18:17:00Z,0.19999999999953388
,_result,0,2026-01-30T18:18:00Z,-0.2999999999993008
,_result,0,2026-01-30T18:19:00Z,0.6999999999983686
,_result,0,2026-01-30T18:20:00Z,-0.6999999999983686
,_result,0,2026-01-30T18:21:00Z,-2.400000000001512
,_result,0,2026-01-30T18:22:00Z,0
,_result,0,2026-01-30T18:23:00Z,0.30000000000285354
,_result,0,2026-01-30T18:24:00Z,0.8999999999979025
,_result,0,2026-01-30T18:25:00Z,-1.8999999999991246
,_result,0,2026-01-30T18:26:00Z,0.7999999999981355
,_result,0,2026-01-30T18:27:00Z,-1.0999999999974364
,_result,0,2026-01-30T18:28:00Z,0
,_result,0,2026-01-30T18:29:00Z,3.3999999999991815
,_result,0,2026-01-30T18:30:00Z,-0.7000000000019213
,_result,0,2026-01-30T18:31:00Z,-2.899999999996794
,_result,0,2026-01-30T18:32:00Z,1.3999999999967372
,_result,0,2026-01-30T18:33:00Z,0.2000000000030866
,_result,0,2026-01-30T18:34:00Z,-0.7000000000019213
,_result,0,2026-01-30T18:35:00Z,-1.6999999999995907
,_result,0,2026-01-30T18:36:00Z,1.5999999999998238
,_result,0,2026-01-30T18:37:00Z,2.300000000001745
,_result,0,2026-01-30T18:38:00Z,0.19999999999953388
,_result,0,2026-01-30T18:39:00Z,-1.200000000000756
,_result,0,2026-01-30T18:40:00Z,0
,_result,0,2026-01-30T18:41:00Z,-0.7000000000019213
,_result,0,2026-01-30T18:42:00Z,1.200000000000756
,_result,0,2026-01-30T18:43:00Z,1.100000000000989
,_result,0,2026-01-30T18:44:00Z,-0.4999999999988347
,_result,0,2026-01-30T18:45:00Z,-0.4000000000026205
,_result,0,2026-01-30T18:46:00Z,2.9000000000003467
,_result,0,2026-01-30T18:47:00Z,-1.5000000000000568
,_result,0,2026-01-30T18:48:00Z,-3.0000000000001137
,_result,0,2026-01-30T18:49:00Z,1.40000000000029
,_result,0,2026-01-30T18:50:00Z,0.9000000000014552
,_result,0,2026-01-30T18:51:00Z,-1.8999999999991246
,_result,0,2026-01-30T18:52:00Z,-2.0000000000024443
,_result,0,2026-01-30T18:53:00Z,-0.39999999999906777
,_result,0,2026-01-30T18:54:00Z,1.7999999999993577
,_result,0,2026-01-30T18:55:00Z,0.7000000000019213
,_result,0,2026-01-30T18:56:00Z,0.39999999999906777
,_result,0,2026-01-30T18:57:00Z,-1.6999999999995907
,_result,0,2026-01-30T18:58:00Z,0.4999999999988347
,_result,0,2026-01-30T18:59:00Z,-0.2999999999993008
,_result,0,2026-01-30T19:00:00Z,1.40000000000029
,_result,0,2026-01-30T19:01:00Z,0.19999999999953388
,_result,0,2026-01-30T19:02:00Z,-0.4999999999988347
,_result,0,2026-01-30T19:03:00Z,0.2999999999993008
,_result,0,2026-01-30T19:04:00Z,-0.4999999999988347
,_result,0,2026-01-30T19:05:00Z,0.19999999999953388
,_result,0,2026-01-30T19:06:00Z,-1.5000000000000568
,_result,0,2026-01-30T19:07:00Z,0.8999999999979025
,_result,0,2026-01-30T19:08:00Z,1.0000000000012221
,_result,0,2026-01-30T19:09:00Z,-0.4999999999988347
,_result,0,2026-01-30T19:10:00Z,-1.200000000000756
,_result,0,2026-01-30T19:11:00Z,-0.6000000000021544
,_result,0,2026-01-30T19:12:00Z,3.700000000002035
,_result,0,2026-01-30T19:13:00Z,1.300000000000523
,_result,0,2026-01-30T19:14:00Z,-3.500000000002501
,_result,0,2026-01-30T19:15:00Z,-0.6999999999983686
,_result,0,2026-01-30T19:16:00Z,0.7999999999981355
,_result,0,2026-01-30T19:17:00Z,0
,_result,0,2026-01-30T19:18:00Z,0.4000000000026205
,_result,0,2026-01-30T19:19:00Z,-0.4000000000026205
,_result,0,2026-01-30T19:22:00Z,1.5999999999998238
,_result,0,2026-01-30T19:23:00Z,-1.0000000000012221
,_result,0,2026-01-30T19:24:00Z,-0.5999999999986017
,_result,0,2026-01-30T19:25:00Z,-0.2999999999993008
,_result,0,2026-01-30T19:26:00Z,0.2999999999993008
,_result,0,2026-01-30T19:27:00Z,0.09999999999976694
,_result,0,2026-01-30T19:28:00Z,-0.9000000000014552
,_result,0,2026-01-30T19:29:00Z,0
,_result,0,2026-01-30T19:30:00Z,0.5000000000023874
,_result,0,2026-01-30T19:31:00Z,0
,_result,0,2026-01-30T19:32:00Z,0
,_result,0,2026-01-30T19:33:00Z,0.9999999999976694
,_result,0,2026-01-30T19:34:00Z,0
,_result,0,2026-01-30T19:35:00Z,0.8000000000016882
,_result,0,2026-01-30T19:36:00Z,-1.7999999999993577
,_result,0,2026-01-30T19:37:00Z,-0.9000000000014552
,_result,0,2026-01-30T19:38:00Z,1.9999999999988916
,_result,0,2026-01-30T19:39:00Z,-0.39999999999906777
,_result,0,2026-01-30T19:40:00Z,-0.4999999999988347
,_result,0,2026-01-30T19:41:00Z,0.7999999999981355
,_result,0,2026-01-30T19:42:00Z,1.40000000000029
,_result,0,2026-01-30T19:43:00Z,-2.3999999999979593
,_result,0,2026-01-30T19:44:00Z,0.9999999999976694
,_result,0,2026-01-30T19:45:00Z,0.7000000000019213
,_result,0,2026-01-30T19:46:00Z,0.4999999999988347
,_result,0,2026-01-30T19:47:00Z,-1.8999999999991246
,_result,0,2026-01-30T19:48:00Z,0.9999999999976694
,_result,0,2026-01-30T19:49:00Z,-0.2999999999993008
,_result,0,2026-01-30T19:50:00Z,2.200000000001978
,_result,0,2026-01-30T19:51:00Z,0.6999999999983686
,_result,0,2026-01-30T19:52:00Z,-0.7999999999981355
,_result,0,2026-01-30T19:53:00Z,-0.09999999999976694
,_result,0,2026-01-30T19:54:00Z,0.19999999999953388
,_result,0,2026-01-30T19:55:00Z,-0.2999999999993008
,_result,0,2026-01-30T19:56:00Z,-0.9000000000014552
,_result,0,2026-01-30T19:57:00Z,0.9000000000014552
,_result,0,2026-01-30T19:58:00Z,0.4999999999988347
,_result,0,2026-01-30T19:59:00Z,-1.40000000000029
,_result,0,2026-01-30T20:00:00Z,-0.5999999999986017
,_result,0,2026-01-30T20:01:00Z,0.4999999999988347
,_result,0,2026-01-30T20:02:00Z,-0.2999999999993008
,_result,0,2026-01-30T20:03:00Z,-0.6000000000021544
,_result,0,2026-01-30T20:04:00Z,0.7000000000019213
,_result,0,2026-01-30T20:05:00Z,1.8999999999991246
,_result,0,2026-01-30T20:06:00Z,-2.1999999999984254

